,Child utterance,Child gaze,Child affect,Child gesture,Parent utterance,Verbal scaffolding,Non-verbal scaffolding,Parent gesture,Child prop manipulation,Parent prop manipulation,robot pointing,robot text,start-end,Conversational turns,time
0,0,0,0,0,0,0,0,0,0,0,0,1,1,0,4.05
1,0,1,0,0,0,0,0,0,0,0,0,1,0,0,4.55
2,0,1,0,0,0,0,0,0,0,0,0,1,0,0,5.05
3,0,1,0,0,0,0,0,0,0,0,0,0,0,0,5.55
4,0,1,0,0,0,0,0,0,0,0,0,0,0,0,6.05
5,0,1,0,0,0,0,0,0,0,0,0,0,0,0,6.55
6,0,1,0,0,0,0,0,0,0,0,0,0,0,0,7.05
7,0,1,0,0,0,0,0,0,0,0,0,0,0,0,7.55
8,0,1,0,0,0,0,0,0,0,0,0,1,0,0,8.05
9,0,1,0,0,0,0,0,0,0,0,0,1,0,0,8.55
10,0,1,0,0,0,0,0,0,0,0,0,1,0,0,9.05
11,0,1,0,0,0,0,0,0,0,0,0,1,0,0,9.55
12,0,1,0,0,0,0,0,0,0,0,0,1,0,0,10.05
13,0,1,0,0,0,0,0,0,0,0,0,1,0,0,10.55
14,0,1,0,0,0,0,0,0,0,0,0,0,0,0,11.05
15,0,1,0,0,0,0,0,0,0,0,0,0,0,0,11.55
16,0,1,0,0,0,0,0,0,0,0,0,0,0,0,12.05
17,0,1,0,0,0,0,0,0,0,0,0,0,0,0,12.55
18,0,1,0,0,0,0,0,0,0,0,0,1,0,0,13.05
19,0,1,0,0,0,0,0,0,0,0,0,1,0,0,13.55
20,0,1,0,0,0,0,0,0,0,0,0,1,0,0,14.05
21,0,1,0,0,0,0,0,0,0,0,0,1,0,0,14.55
22,0,1,0,0,0,0,0,0,0,0,0,1,0,0,15.05
23,0,1,0,0,0,0,0,0,0,0,0,1,0,0,15.55
24,0,1,0,0,0,0,0,0,0,0,0,0,0,0,16.05
25,0,1,0,0,0,0,0,0,0,0,0,0,0,0,16.55
26,0,1,0,0,0,0,0,0,0,0,0,0,0,0,17.05
27,0,1,0,0,0,0,0,0,0,0,0,0,0,0,17.55
28,0,1,0,0,0,0,0,0,0,0,0,0,0,0,18.05
29,0,1,0,0,0,0,0,0,0,0,0,0,0,0,18.55
30,0,1,0,0,0,0,0,0,0,0,0,1,0,0,19.05
31,0,1,0,0,0,0,0,0,0,0,0,1,0,0,19.55
32,0,1,0,0,0,0,0,0,0,0,0,1,0,0,20.05
33,0,1,0,0,0,0,0,0,0,0,0,1,0,0,20.55
34,0,1,0,0,0,0,0,0,0,0,0,1,0,0,21.05
35,0,1,0,0,0,0,0,0,0,0,0,1,0,0,21.55
36,0,1,0,0,0,0,0,0,0,0,0,1,0,0,22.05
37,0,1,0,0,0,0,0,0,0,0,0,1,0,0,22.55
38,0,1,0,0,0,0,0,0,0,0,0,1,0,0,23.05
39,0,1,0,0,0,0,0,0,0,0,0,1,0,0,23.55
40,0,1,0,0,0,0,0,0,0,0,0,1,0,0,24.05
41,0,1,0,0,0,0,0,0,0,0,1,1,0,0,24.55
42,0,1,0,0,0,0,0,0,0,0,1,1,0,0,25.05
43,0,1,0,0,0,0,0,0,0,0,1,1,0,0,25.55
44,0,1,0,0,0,0,0,0,0,0,1,1,0,0,26.05
45,0,1,0,0,0,0,0,0,0,0,0,1,0,0,26.55
46,0,1,0,0,0,0,0,0,0,0,0,1,0,0,27.05
47,0,1,0,0,0,0,0,0,0,0,0,1,0,0,27.55
48,0,1,0,0,0,0,0,0,0,0,0,1,0,0,28.05
49,0,1,0,0,0,0,0,0,0,0,0,1,0,0,28.55
50,0,1,0,0,0,0,0,0,0,0,0,1,0,0,29.05
51,0,1,0,0,0,0,0,0,0,0,0,1,0,0,29.55
52,0,1,0,0,0,0,0,0,0,0,0,1,0,0,30.05
53,0,1,0,0,0,0,0,0,0,0,0,1,0,0,30.55
54,0,1,0,0,0,0,0,0,0,0,0,1,0,0,31.05
55,0,1,0,0,0,0,0,0,0,0,0,1,0,0,31.55
56,0,1,0,0,0,0,0,0,0,0,0,1,0,0,32.05
57,0,1,0,0,0,0,0,0,0,0,1,1,0,0,32.55
58,0,1,0,0,0,0,0,0,0,0,1,1,0,0,33.05
59,0,1,0,0,0,0,0,0,0,0,1,1,0,0,33.55
60,0,1,0,0,0,0,0,0,0,0,1,1,0,0,34.05
61,0,1,0,0,0,0,0,0,0,0,0,1,0,0,34.55
62,0,1,0,0,0,0,0,0,0,0,0,1,0,0,35.05
63,0,0,0,0,0,0,0,0,0,0,0,1,0,0,35.55
64,0,0,0,0,0,0,0,0,0,0,0,1,0,0,36.05
65,0,0,0,0,0,0,0,0,0,0,0,1,0,0,36.55
66,0,1,0,0,0,0,0,0,0,0,0,1,0,0,37.05
67,0,1,0,0,0,0,0,0,0,0,0,1,0,0,37.55
68,0,1,0,0,0,0,0,0,0,0,0,1,0,0,38.05
69,0,1,0,0,0,0,0,0,0,0,0,1,0,0,38.55
70,0,1,0,0,0,0,0,0,0,0,0,1,0,0,39.05
71,0,1,0,0,0,0,0,0,0,0,0,1,0,0,39.55
72,0,1,0,0,0,0,0,0,0,0,0,1,0,0,40.05
73,0,1,0,0,0,0,0,0,0,0,1,1,0,0,40.55
74,0,1,0,0,0,0,0,0,0,0,1,1,0,0,41.05
75,0,1,0,0,0,0,0,0,0,0,1,1,0,0,41.55
76,0,1,0,0,0,0,0,0,0,0,1,1,0,0,42.05
77,0,1,0,0,0,0,0,0,0,0,0,1,0,0,42.55
78,0,1,0,0,0,0,0,0,0,0,0,1,0,0,43.05
79,0,1,0,0,0,0,0,0,0,0,0,1,0,0,43.55
80,0,1,0,0,0,0,0,0,0,0,0,1,0,0,44.05
81,0,1,0,0,0,0,0,0,0,0,0,1,0,0,44.55
82,0,1,0,0,0,0,0,0,0,0,0,1,0,0,45.05
83,0,1,0,0,0,0,0,0,0,0,0,1,0,0,45.55
84,0,1,0,0,0,0,0,0,0,0,0,1,0,0,46.05
85,0,1,0,0,0,0,0,0,0,0,0,1,0,0,46.55
86,0,1,0,0,0,0,0,0,0,0,0,1,0,0,47.05
87,0,1,0,0,0,0,0,0,0,0,0,1,0,0,47.55
88,0,1,0,0,0,0,0,0,0,0,0,1,0,0,48.05
89,0,1,0,0,0,0,0,0,0,0,0,1,0,0,48.55
90,0,1,0,0,0,0,0,0,0,0,1,1,0,0,49.05
91,0,1,0,0,0,0,0,0,0,0,1,1,0,0,49.55
92,0,1,0,0,0,0,0,0,0,0,1,1,0,0,50.05
93,0,1,0,0,0,0,0,0,0,0,1,1,0,0,50.55
94,0,1,0,0,0,0,0,0,0,0,0,1,0,0,51.05
95,0,1,0,0,0,0,0,0,0,0,0,1,0,0,51.55
96,0,1,0,0,0,0,0,0,0,0,0,1,0,0,52.05
97,0,1,0,0,0,0,0,0,0,0,0,1,0,0,52.55
98,0,1,0,0,0,0,0,0,0,0,0,1,0,0,53.05
99,0,1,0,0,0,0,0,0,0,0,0,1,0,0,53.55
100,0,1,0,0,0,0,0,0,0,0,0,1,0,0,54.05
101,0,1,0,0,0,0,0,0,0,0,0,1,0,0,54.55
102,0,1,0,0,0,0,0,0,0,0,0,1,0,0,55.05
103,0,1,0,0,0,0,0,0,0,0,0,1,0,0,55.55
104,0,1,0,0,0,0,0,0,0,0,0,1,0,0,56.05
105,0,1,0,0,0,0,0,0,0,0,0,1,0,0,56.55
106,0,1,0,0,0,0,0,0,0,0,0,1,0,0,57.05
107,0,1,0,0,0,0,0,0,0,0,0,1,0,0,57.55
108,0,1,0,0,0,0,0,0,0,0,0,1,0,0,58.05
109,0,1,0,0,0,0,0,0,0,0,0,1,0,0,58.55
110,0,1,0,0,0,0,0,0,0,0,0,1,0,0,59.05
111,0,1,0,0,0,0,0,0,0,0,0,1,0,0,59.55
112,0,1,0,0,0,0,0,0,0,0,1,1,0,0,60.05
113,0,1,0,0,0,0,0,0,0,0,1,1,0,0,60.55
114,0,1,0,0,0,0,0,0,0,0,1,1,0,0,61.05
115,0,1,0,0,0,0,0,0,0,0,0,1,0,0,61.55
116,0,1,0,0,0,0,0,0,0,0,0,1,0,0,62.05
117,0,1,0,0,0,0,0,0,0,0,0,1,0,0,62.55
118,0,1,0,0,0,0,0,0,0,0,0,1,0,0,63.05
119,0,0,0,0,0,0,0,0,0,0,0,1,0,0,63.55
120,0,0,0,0,0,0,0,0,0,0,0,1,0,0,64.05
121,0,0,0,0,0,0,0,0,0,0,0,1,0,0,64.55
122,0,0,0,0,0,0,0,0,0,0,0,1,0,0,65.05
123,0,1,0,0,0,0,0,0,0,0,0,1,0,0,65.55
124,0,1,0,0,0,0,0,0,0,0,0,1,0,0,66.05
125,0,1,0,0,0,0,0,0,0,0,0,1,0,0,66.55
126,0,1,0,0,0,0,0,0,0,0,0,1,0,0,67.05
127,0,1,0,0,0,0,0,0,0,0,0,1,0,0,67.55
128,0,1,0,0,0,0,0,0,0,0,0,1,0,0,68.05
129,0,1,0,0,0,0,0,0,0,0,0,1,0,0,68.55
130,0,1,0,0,0,0,0,0,0,0,0,1,0,0,69.05
131,0,1,0,0,0,0,0,0,0,0,0,1,0,0,69.55
132,0,1,0,0,0,0,0,0,0,0,0,1,0,0,70.05
133,0,1,0,0,0,0,0,0,0,0,0,0,0,0,70.55
134,0,1,0,0,0,0,0,0,0,0,0,0,0,0,71.05
135,0,1,0,0,0,0,0,0,0,0,0,0,0,0,71.55
136,0,1,0,0,0,0,0,0,0,0,0,0,0,0,72.05
137,0,1,0,0,0,0,0,0,0,0,0,0,0,0,72.55
138,0,1,0,0,0,0,0,0,0,0,0,0,0,0,73.05
139,0,1,0,0,0,0,0,0,0,0,0,0,0,0,73.55
140,0,1,0,0,0,0,0,0,0,0,0,0,0,0,74.05
141,0,1,0,0,0,0,0,0,0,0,0,0,0,0,74.55
142,0,1,0,0,0,0,0,0,0,0,0,0,0,0,75.05
143,0,1,0,0,0,0,0,0,0,0,0,1,0,0,75.55
144,0,1,0,0,0,0,0,0,0,0,0,1,0,0,76.05
145,0,1,0,0,0,0,0,0,0,0,0,1,0,0,76.55
146,0,1,0,0,0,0,0,0,0,0,0,1,0,0,77.05
147,0,1,1,0,0,0,0,0,0,0,0,0,0,0,77.55
148,0,1,1,0,0,0,0,0,0,0,0,0,0,0,78.05
149,0,1,1,0,1,0,0,0,0,0,0,0,0,0,78.55
150,0,1,1,0,1,0,0,0,0,0,0,0,0,0,79.05
151,0,1,1,0,1,0,0,0,0,0,0,0,0,0,79.55
152,0,1,0,0,0,0,0,0,0,0,1,1,0,0,80.05
153,0,1,0,0,0,0,0,0,0,0,1,1,0,0,80.55
154,0,1,0,0,0,0,0,0,0,0,1,1,0,0,81.05
155,0,1,0,0,0,0,0,0,0,0,1,1,0,0,81.55
156,0,1,0,0,0,0,0,0,0,0,1,1,0,0,82.05
157,0,1,0,0,0,0,0,0,0,0,0,1,0,0,82.55
158,0,1,1,0,1,0,0,0,0,0,0,1,0,0,83.05
159,0,1,1,0,1,0,0,0,0,0,0,0,0,0,83.55
160,0,1,0,0,1,0,0,0,0,0,0,0,0,0,84.05
161,0,1,0,0,0,0,0,0,0,0,0,0,0,0,84.55
162,0,1,0,0,0,0,0,0,0,0,0,0,0,0,85.05
163,0,1,0,0,0,0,0,0,0,0,0,0,0,0,85.55
164,0,1,0,0,0,0,0,0,0,0,0,0,0,0,86.05
165,0,1,0,0,0,0,0,0,0,0,0,0,0,0,86.55
166,0,1,0,0,0,0,0,0,0,0,0,0,0,0,87.05
167,0,1,0,0,1,1,0,1,0,0,0,0,0,0,87.55
168,0,1,0,0,1,1,0,1,0,0,0,0,0,0,88.05
169,0,1,0,0,1,1,0,0,0,0,0,0,0,0,88.55
170,0,1,0,0,0,0,0,0,0,0,0,0,0,0,89.05
171,0,1,0,0,0,0,0,0,0,0,0,0,0,0,89.55
172,0,1,0,0,0,0,0,0,0,0,0,0,0,0,90.05
173,0,1,0,0,0,0,0,0,1,0,0,0,0,0,90.55
174,0,1,0,0,0,0,0,0,1,0,0,0,0,0,91.05
175,0,1,0,0,0,0,0,0,0,0,0,1,0,0,91.55
176,0,1,0,0,0,0,0,0,0,0,0,1,0,0,92.05
177,0,1,0,0,0,0,0,0,0,0,0,1,0,0,92.55
178,0,1,0,0,0,0,0,0,0,0,0,1,0,0,93.05
179,0,1,0,0,0,0,0,0,1,0,0,1,0,0,93.55
180,0,1,0,0,0,0,0,0,1,0,0,1,0,0,94.05
181,0,1,0,0,0,0,0,0,0,0,0,1,0,0,94.55
182,0,1,0,0,1,1,0,0,0,0,0,1,0,0,95.05
183,0,1,0,0,1,1,1,0,0,0,0,0,0,0,95.55
184,0,1,0,0,1,1,1,0,0,0,0,0,0,0,96.05
185,0,1,0,0,1,1,0,0,0,0,0,0,0,0,96.55
186,0,1,0,0,0,0,0,0,0,0,0,1,0,0,97.05
187,0,1,0,0,1,1,1,0,0,0,0,1,0,0,97.55
188,0,1,0,0,1,1,1,0,0,0,0,1,0,0,98.05
189,0,1,0,0,0,0,0,0,0,0,0,1,0,0,98.55
190,0,1,0,0,0,0,0,0,0,0,0,1,0,0,99.05
191,0,1,0,0,0,0,0,0,0,1,0,1,0,0,99.55
192,0,1,0,0,0,0,0,0,0,1,0,0,0,0,100.05
193,0,1,0,0,1,1,0,0,0,1,0,0,0,0,100.55
194,0,1,0,0,1,1,0,0,0,1,0,0,0,0,101.05
195,0,1,0,0,1,1,0,0,0,1,0,0,0,0,101.55
196,0,1,0,0,1,1,0,0,0,1,0,0,0,0,102.05
197,0,1,0,0,1,1,0,0,0,0,0,1,0,0,102.55
198,0,1,0,0,0,0,0,0,0,0,0,1,0,0,103.05
199,0,1,0,0,0,0,0,0,0,0,0,1,0,0,103.55
200,0,1,0,0,0,0,0,0,0,0,0,1,0,0,104.05
201,0,1,0,0,0,0,0,0,0,0,0,1,0,0,104.55
202,0,1,0,0,0,0,1,0,0,0,0,1,0,0,105.05
203,0,1,0,0,1,0,1,0,0,0,0,1,0,0,105.55
204,0,1,0,0,1,0,1,0,0,0,0,0,0,0,106.05
205,0,1,0,0,1,0,0,0,0,0,0,0,0,0,106.55
206,0,1,0,0,1,0,0,0,0,0,1,0,0,0,107.05
207,0,1,0,0,0,0,0,0,0,0,1,1,0,0,107.55
208,0,1,0,0,0,0,0,0,0,0,1,1,0,0,108.05
209,0,1,0,0,0,0,0,0,0,0,1,1,0,0,108.55
210,0,1,0,0,0,0,0,0,0,0,1,1,0,0,109.05
211,0,1,0,0,0,0,0,0,0,0,1,1,0,0,109.55
212,0,1,0,0,0,0,0,0,0,0,0,1,0,0,110.05
213,0,1,0,0,0,0,0,0,0,0,0,0,0,0,110.55
214,0,1,0,0,0,0,0,0,0,0,0,0,0,0,111.05
215,0,1,0,0,0,0,0,0,0,0,0,1,0,0,111.55
216,0,1,0,0,0,0,0,0,0,0,0,1,0,0,112.05
217,0,1,0,0,0,0,0,0,0,0,0,1,0,0,112.55
218,0,1,0,0,0,0,0,0,0,0,0,1,0,0,113.05
219,0,1,0,0,0,0,0,0,0,0,0,1,0,0,113.55
220,0,1,0,0,0,0,0,0,0,0,0,1,0,0,114.05
221,0,1,0,0,0,0,0,0,0,0,0,1,0,0,114.55
222,0,1,0,0,0,0,0,0,0,0,0,0,0,0,115.05
223,0,1,0,1,0,0,0,0,0,0,0,0,0,0,115.55
224,0,1,0,1,1,1,0,0,0,0,0,0,0,0,116.05
225,0,1,0,0,1,1,0,0,0,0,0,0,0,0,116.55
226,0,1,0,0,1,1,0,0,0,0,0,0,0,0,117.05
227,0,1,0,0,0,0,0,0,1,0,0,0,0,0,117.55
228,0,1,0,0,0,0,0,1,1,0,0,0,0,0,118.05
229,0,1,0,0,0,0,0,1,1,0,0,0,0,0,118.55
230,0,1,0,0,0,0,0,1,1,0,0,0,0,0,119.05
231,0,1,0,0,0,0,0,1,1,0,0,0,0,0,119.55
232,0,1,0,0,0,0,0,0,1,0,0,0,0,0,120.05
233,0,1,0,0,0,0,0,0,1,0,0,1,0,0,120.55
234,0,1,0,0,0,0,0,0,0,0,0,1,0,0,121.05
235,0,1,0,0,0,0,0,0,0,0,0,1,0,0,121.55
236,0,1,0,0,0,0,0,0,0,0,0,1,0,0,122.05
237,0,1,0,0,0,0,0,0,0,0,0,1,0,0,122.55
238,0,1,0,0,0,0,0,0,0,0,0,1,0,0,123.05
239,0,1,0,0,0,0,0,0,0,0,0,1,0,0,123.55
240,0,1,0,0,0,0,0,0,0,0,0,1,0,0,124.05
241,0,1,0,0,0,0,0,0,0,0,0,0,0,0,124.55
242,0,1,0,0,0,0,0,0,0,0,0,0,0,0,125.05
243,0,1,0,0,0,0,0,0,0,0,0,0,0,0,125.55
244,0,1,0,0,0,0,0,0,0,0,0,1,0,0,126.05
245,0,1,0,0,0,0,0,0,0,0,0,1,0,0,126.55
246,0,1,0,0,0,0,0,0,0,0,0,1,0,0,127.05
247,0,1,0,0,0,0,0,0,0,0,0,1,0,0,127.55
248,0,1,0,0,0,0,0,0,0,0,0,1,0,0,128.05
249,0,1,0,0,1,1,0,0,0,0,0,1,0,0,128.55
250,0,1,0,0,1,1,0,0,0,0,0,0,0,0,129.05
251,0,1,0,0,1,1,0,0,0,0,0,0,0,0,129.55
252,0,1,0,0,1,1,0,0,0,0,0,0,0,0,130.05
253,0,1,0,0,0,0,0,0,0,0,0,0,0,0,130.55
254,0,1,0,0,0,0,0,0,0,0,0,0,0,0,131.05
255,0,1,0,0,0,0,0,0,1,0,0,0,0,0,131.55
256,0,1,0,0,0,0,0,0,1,0,0,0,0,0,132.05
257,0,1,0,0,0,0,0,0,1,0,0,0,0,0,132.55
258,0,1,0,0,0,0,0,0,1,0,0,0,0,0,133.05
259,0,1,0,0,0,0,0,0,0,0,0,1,0,0,133.55
260,0,1,0,0,0,0,0,0,0,0,0,1,0,0,134.05
261,0,1,0,0,0,0,0,0,0,0,0,1,0,0,134.55
262,0,1,0,0,0,0,0,0,0,0,0,1,0,0,135.05
263,0,1,0,0,0,0,0,0,0,0,0,1,0,0,135.55
264,0,1,0,0,0,0,0,0,0,0,0,1,0,0,136.05
265,0,1,0,0,0,0,0,0,0,0,0,1,0,0,136.55
266,0,1,0,0,1,1,0,0,0,0,0,0,0,0,137.05
267,0,1,0,0,1,1,0,0,0,0,0,0,0,0,137.55
268,0,1,0,0,0,0,0,0,0,0,1,0,0,0,138.05
269,0,1,0,0,1,1,0,0,0,0,1,1,0,0,138.55
270,0,1,0,0,1,1,0,0,0,0,1,1,0,0,139.05
271,0,1,0,0,0,0,0,0,0,0,1,1,0,0,139.55
272,0,1,0,0,0,0,0,0,0,0,1,1,0,0,140.05
273,0,1,0,0,0,0,0,0,0,0,1,1,0,0,140.55
274,0,1,0,0,0,0,0,0,0,0,1,1,0,0,141.05
275,0,1,0,0,0,0,0,0,0,0,0,1,0,0,141.55
276,0,1,1,0,0,0,0,0,0,0,0,1,0,0,142.05
277,0,0,1,0,0,0,0,0,0,0,0,0,0,0,142.55
278,0,1,1,0,0,0,0,0,0,0,0,1,0,0,143.05
279,0,1,1,0,0,0,0,0,0,0,0,1,0,0,143.55
280,0,1,0,0,0,0,0,0,0,0,0,1,0,0,144.05
281,0,1,0,0,0,0,0,0,0,0,0,1,0,0,144.55
282,0,1,1,0,0,0,0,0,0,0,0,1,0,0,145.05
283,0,1,1,0,0,0,0,0,0,0,0,1,0,0,145.55
284,0,1,1,0,1,1,0,0,0,0,0,1,0,0,146.05
285,0,1,1,0,1,1,0,0,0,0,0,0,0,0,146.55
286,0,1,0,1,0,0,0,0,0,0,0,0,0,0,147.05
287,0,1,0,1,0,0,0,0,0,0,0,0,0,0,147.55
288,0,1,0,1,1,1,0,0,1,0,0,0,0,0,148.05
289,0,1,0,0,1,1,0,0,1,0,0,0,0,0,148.55
290,0,1,0,0,1,1,0,0,1,0,0,0,0,0,149.05
291,0,1,0,0,1,1,0,0,1,0,1,0,0,0,149.55
292,0,1,0,0,1,1,0,0,0,0,1,1,0,0,150.05
293,0,1,0,0,0,0,0,0,1,0,1,1,0,0,150.55
294,0,1,0,0,0,0,0,0,1,0,1,1,0,0,151.05
295,0,1,0,0,0,0,0,0,1,0,1,1,0,0,151.55
296,0,1,0,0,0,0,0,0,1,0,1,1,0,0,152.05
297,0,1,0,0,1,0,0,0,1,0,1,1,0,1,152.55
298,0,1,0,0,1,0,0,0,1,0,0,1,0,1,153.05
299,0,1,0,0,0,0,0,0,1,0,0,1,0,1,153.55
300,0,1,0,0,0,0,0,0,1,0,1,1,0,1,154.05
301,0,1,0,0,0,0,0,0,1,0,1,1,0,1,154.55
302,0,1,0,0,0,0,0,0,1,0,1,1,0,1,155.05
303,0,1,0,0,0,0,0,0,0,0,1,1,0,1,155.55
304,1,1,0,0,0,0,0,0,0,0,1,1,0,1,156.05
305,1,1,0,0,0,0,0,0,0,0,1,1,0,1,156.55
306,0,1,0,0,0,0,0,0,0,0,0,1,0,1,157.05
307,0,1,0,0,0,0,0,0,0,0,0,1,0,1,157.55
308,0,1,0,0,1,1,0,0,0,0,0,0,0,1,158.05
309,0,1,0,0,1,1,0,0,0,0,0,0,0,1,158.55
310,0,1,0,0,1,1,0,0,0,0,0,1,0,1,159.05
311,0,1,0,0,1,1,0,0,0,0,0,1,0,1,159.55
312,0,1,0,0,1,1,0,0,0,0,0,1,0,1,160.05
313,0,1,0,0,0,0,0,0,0,0,0,1,0,0,160.55
314,0,1,0,0,0,0,0,0,0,0,0,1,0,0,161.05
315,0,1,0,0,0,0,0,0,0,0,0,1,0,0,161.55
316,0,1,0,0,0,0,0,0,0,0,0,1,0,0,162.05
317,0,0,0,0,0,0,0,0,0,0,0,1,0,0,162.55
318,0,0,0,0,0,0,0,0,0,0,0,1,0,0,163.05
319,0,0,0,0,0,0,0,0,0,0,0,1,0,0,163.55
320,0,0,0,0,0,0,0,0,0,0,0,1,0,0,164.05
321,0,0,0,0,0,0,0,0,0,0,0,1,0,0,164.55
322,0,0,0,0,0,0,0,0,0,0,0,1,0,0,165.05
323,0,0,0,0,0,0,0,0,0,0,0,1,0,0,165.55
324,0,0,0,0,0,0,0,0,0,0,0,1,0,0,166.05
325,0,0,0,0,0,0,0,0,0,0,0,1,0,0,166.55
326,0,0,0,0,0,0,0,0,0,0,0,0,0,0,167.05
327,0,0,0,0,0,0,0,0,0,0,0,0,0,0,167.55
328,0,0,0,0,0,0,0,0,0,0,0,0,0,0,168.05
329,0,0,0,0,0,0,0,0,0,0,0,0,0,0,168.55
330,0,1,0,0,0,0,0,0,0,0,0,0,0,0,169.05
331,0,1,0,0,0,0,0,0,0,0,0,0,0,0,169.55
332,0,1,0,0,0,0,0,0,0,0,0,0,0,0,170.05
333,0,1,0,0,0,0,0,0,0,0,0,0,0,0,170.55
334,0,1,0,0,0,0,0,0,0,0,0,0,0,0,171.05
335,0,1,0,0,1,1,0,0,0,0,0,0,0,0,171.55
336,0,1,0,0,1,1,0,0,0,0,0,0,0,0,172.05
337,0,1,0,0,1,1,0,0,0,0,0,0,0,0,172.55
338,0,1,0,0,0,0,0,0,0,0,0,0,0,0,173.05
339,0,1,0,0,0,0,0,0,0,0,0,0,0,0,173.55
340,0,1,0,0,0,0,0,0,0,0,0,0,0,0,174.05
341,0,1,0,0,1,1,0,1,0,0,0,0,0,0,174.55
342,0,1,0,0,1,1,0,1,0,0,0,0,0,0,175.05
343,0,1,0,0,1,1,0,1,0,0,0,0,0,0,175.55
344,0,1,0,0,1,1,0,0,0,0,0,0,0,0,176.05
345,0,1,0,0,1,1,0,0,0,0,0,0,0,0,176.55
346,0,1,0,0,1,1,0,0,0,0,0,0,0,0,177.05
347,0,1,0,0,0,0,0,0,0,0,0,1,0,0,177.55
348,0,1,0,0,0,0,0,0,0,0,0,1,0,0,178.05
349,0,1,0,0,0,0,0,0,1,0,0,1,0,0,178.55
350,0,1,0,0,0,0,0,0,1,0,0,1,0,0,179.05
351,0,1,0,0,0,0,0,0,0,0,0,1,0,0,179.55
352,0,1,0,0,0,0,0,0,0,0,0,1,0,0,180.05
353,0,1,0,0,1,0,0,0,0,0,0,1,0,0,180.55
354,0,1,0,0,1,0,0,0,0,0,0,1,0,0,181.05
355,0,1,0,0,1,0,0,0,0,0,0,0,0,0,181.55
356,0,1,0,0,1,0,0,0,0,0,0,1,0,0,182.05
357,0,1,0,0,0,0,0,0,0,0,0,1,0,0,182.55
358,0,1,0,0,0,0,0,0,0,0,0,1,0,0,183.05
359,0,1,0,0,0,0,0,0,0,0,0,1,0,0,183.55
360,0,1,0,0,0,0,0,0,0,0,0,1,0,0,184.05
361,0,1,0,0,0,0,0,0,0,0,0,1,0,0,184.55
362,0,1,0,0,0,0,0,0,0,0,0,1,0,0,185.05
363,0,1,0,0,0,0,0,0,0,0,0,1,0,0,185.55
364,0,1,0,0,0,0,0,0,0,0,0,0,0,0,186.05
365,0,1,0,0,0,0,0,0,0,0,0,0,0,0,186.55
366,0,1,0,0,0,0,0,0,0,0,0,1,0,0,187.05
367,0,1,0,0,0,0,0,0,0,0,0,1,0,0,187.55
368,0,1,0,0,0,0,0,0,0,0,0,1,0,0,188.05
369,1,1,1,0,0,0,0,0,0,0,0,1,0,1,188.55
370,1,1,1,0,0,0,0,0,0,0,0,1,0,1,189.05
371,0,1,1,0,1,1,0,0,0,0,0,1,0,1,189.55
372,0,1,1,0,1,1,0,0,0,0,0,1,0,1,190.05
373,0,1,0,0,1,1,0,0,0,0,0,0,0,1,190.55
374,0,1,0,0,1,1,0,0,0,0,0,0,0,1,191.05
375,0,1,0,0,1,1,0,0,1,0,0,0,0,1,191.55
376,0,1,0,0,1,1,0,0,1,0,0,0,0,1,192.05
377,0,1,0,0,1,1,0,0,0,0,0,1,0,1,192.55
378,0,1,0,0,0,0,0,0,0,0,0,1,0,0,193.05
379,0,1,0,0,0,0,0,0,0,0,0,1,0,0,193.55
380,0,1,0,0,0,0,0,0,0,0,0,1,0,0,194.05
381,0,1,0,0,0,0,0,0,0,0,0,1,0,0,194.55
382,0,1,0,0,0,0,0,0,0,0,0,1,0,0,195.05
383,0,1,0,0,0,0,0,0,0,0,0,1,0,0,195.55
384,0,1,0,0,0,0,0,0,0,0,0,0,0,0,196.05
385,0,1,0,0,1,0,0,0,0,0,0,0,0,0,196.55
386,0,1,0,0,1,0,0,0,0,0,0,0,0,0,197.05
387,0,1,0,0,0,0,0,0,0,0,0,0,0,0,197.55
388,0,1,0,0,0,0,0,0,0,0,0,1,0,0,198.05
389,0,0,0,0,0,0,0,0,0,0,0,1,0,0,198.55
390,0,0,0,0,0,0,0,0,0,0,0,1,0,0,199.05
391,0,0,0,0,0,0,0,0,0,0,0,1,0,0,199.55
392,0,1,0,0,0,0,0,0,0,0,0,1,0,0,200.05
393,0,1,0,0,0,0,0,0,0,0,0,1,0,0,200.55
394,0,1,0,0,1,1,0,0,0,0,0,1,0,0,201.05
395,0,1,0,0,0,0,0,0,0,0,0,1,0,0,201.55
396,0,1,0,0,0,0,0,0,0,0,0,0,0,0,202.05
397,0,1,0,0,0,0,0,0,0,0,0,0,0,0,202.55
398,0,1,0,0,0,0,0,0,0,0,0,1,0,0,203.05
399,0,1,0,0,0,0,0,0,0,0,0,1,0,0,203.55
400,0,1,0,0,0,0,0,0,0,0,0,1,0,0,204.05
401,0,1,0,0,1,1,0,0,0,0,0,1,0,0,204.55
402,0,1,0,0,1,1,0,0,0,0,0,1,0,0,205.05
403,0,1,0,0,1,1,0,0,0,0,0,1,0,0,205.55
404,0,1,0,0,1,1,0,0,0,0,0,0,0,0,206.05
405,0,1,0,0,1,1,0,0,0,0,0,0,0,0,206.55
406,0,1,0,0,1,1,0,0,0,0,0,0,0,0,207.05
407,0,1,0,0,1,1,0,0,1,0,0,0,0,0,207.55
408,0,1,0,0,1,1,0,0,1,0,0,0,0,0,208.05
409,0,1,0,0,1,1,0,0,1,0,0,0,0,0,208.55
410,0,1,0,0,1,1,0,0,1,0,0,0,0,0,209.05
411,0,1,0,0,1,1,0,0,1,0,0,0,0,0,209.55
412,0,1,0,0,1,1,0,0,1,0,0,0,0,0,210.05
413,0,1,0,0,0,0,0,0,1,0,0,0,0,0,210.55
414,0,1,0,0,0,0,0,0,1,0,0,1,0,0,211.05
415,0,1,0,0,0,0,0,0,0,0,0,1,0,0,211.55
416,0,1,0,0,0,0,0,0,0,0,0,1,0,0,212.05
417,0,1,0,0,0,0,0,0,0,0,0,1,0,0,212.55
418,0,1,0,0,0,0,0,0,0,0,0,1,0,0,213.05
419,0,1,0,0,0,0,0,0,0,0,0,1,0,0,213.55
420,0,1,0,0,0,0,0,0,0,0,0,1,0,0,214.05
421,0,1,0,0,0,0,0,0,0,0,0,1,0,0,214.55
422,0,1,0,0,0,0,0,0,0,0,0,0,0,0,215.05
423,0,1,0,0,0,0,0,0,0,0,0,1,0,0,215.55
424,0,1,0,0,0,0,0,0,0,0,0,1,0,0,216.05
425,0,1,0,0,0,0,0,0,0,0,0,1,0,0,216.55
426,0,1,0,0,0,0,0,0,0,0,0,1,0,0,217.05
427,0,1,0,0,0,0,0,0,0,0,0,1,0,0,217.55
428,0,1,0,0,0,0,0,0,0,0,0,1,0,0,218.05
429,0,1,0,0,0,0,0,0,0,0,0,1,0,0,218.55
430,0,1,0,0,0,0,0,0,0,0,0,0,0,0,219.05
431,0,1,0,0,0,0,0,0,0,0,0,0,0,0,219.55
432,0,1,0,0,0,0,0,0,0,0,0,0,0,0,220.05
433,0,1,0,0,0,0,0,0,0,0,0,0,0,0,220.55
434,0,1,0,0,0,0,0,0,1,0,0,0,0,0,221.05
435,0,1,0,0,0,0,0,0,1,0,0,0,0,0,221.55
436,0,1,0,0,1,1,0,0,0,0,0,1,0,0,222.05
437,0,1,0,0,1,1,0,0,0,0,0,1,0,0,222.55
438,0,1,0,0,1,1,0,0,0,0,0,1,0,0,223.05
439,0,1,0,0,0,0,0,0,0,0,0,1,0,0,223.55
440,0,1,0,0,0,0,0,0,0,0,0,1,0,0,224.05
441,0,1,0,0,0,0,0,0,0,0,0,1,0,0,224.55
442,0,1,0,0,0,0,0,0,0,0,0,1,0,0,225.05
443,0,1,0,0,0,0,0,0,0,0,0,1,0,0,225.55
444,0,1,0,0,0,0,0,0,0,0,0,0,0,0,226.05
445,0,1,0,0,0,0,0,0,0,0,0,1,0,0,226.55
446,0,1,0,0,0,0,0,0,0,0,0,1,0,0,227.05
447,0,1,0,0,0,0,0,0,0,0,0,1,0,0,227.55
448,0,1,0,0,0,0,0,0,0,0,0,1,0,0,228.05
449,0,1,0,0,0,0,0,0,0,0,0,1,0,0,228.55
450,0,1,0,0,0,0,0,0,0,0,0,1,0,0,229.05
451,0,1,0,0,0,0,0,0,0,0,0,1,0,0,229.55
452,0,1,0,0,0,0,0,0,0,0,0,0,0,0,230.05
453,0,1,1,0,1,1,0,0,0,0,0,0,0,1,230.55
454,0,1,1,0,1,1,0,0,0,0,0,0,0,1,231.05
455,0,1,0,0,1,1,0,0,0,0,0,1,0,1,231.55
456,1,1,0,0,1,1,0,0,0,0,0,1,0,1,232.05
457,1,1,0,0,0,0,0,0,0,0,0,1,0,1,232.55
458,1,1,0,0,1,1,0,0,0,0,0,1,0,1,233.05
459,0,1,0,0,1,1,0,0,0,0,0,1,0,0,233.55
460,0,1,0,0,1,1,0,0,0,0,0,1,0,0,234.05
461,0,1,0,0,1,1,0,0,0,0,0,0,0,0,234.55
462,0,1,0,0,1,1,0,0,0,0,0,0,0,0,235.05
463,0,1,0,0,1,1,0,1,0,0,0,0,0,0,235.55
464,0,1,0,0,1,1,0,1,0,0,0,0,0,0,236.05
465,0,1,0,0,1,1,0,1,0,0,0,0,0,0,236.55
466,0,1,0,0,1,1,0,1,0,0,0,0,0,0,237.05
467,0,1,0,0,0,0,0,0,0,0,0,0,0,0,237.55
468,0,1,0,0,0,0,0,0,1,0,0,0,0,0,238.05
469,0,1,0,0,1,1,0,0,1,0,0,0,0,0,238.55
470,0,1,0,0,1,1,0,0,1,1,0,0,0,0,239.05
471,0,1,0,0,1,1,0,0,0,1,0,0,0,0,239.55
472,0,1,0,0,1,1,0,0,0,1,0,0,0,0,240.05
473,0,1,0,0,0,0,0,0,0,0,0,1,0,0,240.55
474,0,1,0,0,0,0,0,0,0,0,0,1,0,0,241.05
475,0,1,0,0,0,0,0,0,0,0,0,1,0,0,241.55
476,0,1,0,0,0,0,0,0,0,0,0,1,0,0,242.05
477,0,1,0,0,0,0,0,0,0,0,0,1,0,0,242.55
478,0,1,0,0,0,0,0,0,0,0,0,1,0,0,243.05
479,0,1,0,0,0,0,0,0,0,0,0,1,0,0,243.55
480,0,1,0,0,0,0,0,0,0,0,0,1,0,0,244.05
481,0,1,0,0,0,0,0,0,0,0,0,0,0,0,244.55
482,0,1,0,0,0,0,0,0,0,0,0,0,0,0,245.05
483,0,1,0,0,0,0,0,0,0,0,0,0,0,0,245.55
484,0,1,0,0,0,0,0,0,0,0,0,1,0,0,246.05
485,0,1,0,0,0,0,0,0,0,0,0,1,0,0,246.55
486,0,1,0,0,0,0,0,0,0,0,0,1,0,0,247.05
487,0,1,0,0,0,0,0,0,0,0,0,1,0,0,247.55
488,0,1,0,0,0,0,0,0,0,0,0,1,0,0,248.05
489,0,1,0,0,0,0,0,0,0,0,0,1,0,0,248.55
490,0,1,0,0,0,0,0,0,0,0,0,1,0,0,249.05
491,0,1,0,0,1,1,0,0,0,0,0,0,0,0,249.55
492,0,1,0,0,1,1,0,0,0,0,0,0,0,0,250.05
493,0,1,0,0,0,0,0,0,1,0,0,0,0,0,250.55
494,0,1,0,0,0,0,0,0,1,0,0,0,0,0,251.05
495,0,1,0,0,0,0,0,0,0,0,0,0,0,0,251.55
496,0,1,0,0,0,0,0,0,0,0,0,0,0,0,252.05
497,0,1,0,0,0,0,1,0,0,1,0,0,0,0,252.55
498,0,1,0,0,0,0,1,0,0,1,0,0,0,0,253.05
499,0,1,0,0,0,0,0,0,0,0,0,0,0,0,253.55
500,0,1,0,0,0,0,0,0,0,0,0,0,0,0,254.05
501,0,1,0,0,0,0,0,0,0,0,0,1,0,0,254.55
502,1,1,1,0,0,0,0,0,0,0,0,1,0,0,255.05
503,1,1,1,0,0,0,0,0,0,0,0,1,0,0,255.55
504,1,1,1,0,0,0,0,0,0,0,0,1,0,0,256.05
505,1,1,1,0,0,0,0,0,0,0,0,1,0,0,256.55
506,0,1,1,0,0,0,0,0,0,0,0,1,0,0,257.05
507,0,1,1,0,0,0,0,0,0,0,0,1,0,0,257.55
508,0,1,1,0,0,0,0,0,0,0,0,0,0,0,258.05
509,0,1,1,0,0,0,0,0,0,0,0,0,0,0,258.55
510,0,1,1,0,0,0,0,0,0,0,0,1,0,0,259.05
511,0,1,0,0,0,0,0,0,0,0,0,1,0,0,259.55
512,0,1,0,0,0,0,0,0,0,0,0,1,0,0,260.05
513,0,1,0,0,0,0,0,0,0,0,0,1,0,0,260.55
514,0,1,0,0,0,0,0,0,0,0,0,1,0,0,261.05
515,0,1,0,0,0,0,0,0,0,0,0,1,0,0,261.55
516,0,1,0,0,1,1,0,0,0,0,0,0,0,0,262.05
517,0,1,0,0,1,1,0,0,0,0,0,0,0,0,262.55
518,0,1,0,0,1,1,0,0,0,0,0,0,0,0,263.05
519,0,1,0,0,1,1,0,0,0,0,0,0,0,0,263.55
520,0,1,0,0,0,0,0,0,0,0,1,0,0,0,264.05
521,0,1,0,0,0,0,0,0,0,0,1,1,0,0,264.55
522,0,1,0,0,0,0,0,0,0,0,1,1,0,0,265.05
523,0,1,0,0,0,0,0,0,0,0,1,1,0,0,265.55
524,0,1,0,0,0,0,0,0,0,0,1,1,0,0,266.05
525,0,1,0,0,0,0,0,0,0,0,1,1,0,0,266.55
526,0,1,0,0,1,1,0,0,0,0,0,1,0,0,267.05
527,0,1,0,0,1,1,0,0,0,0,0,1,0,0,267.55
528,0,1,0,0,1,1,0,0,0,0,0,0,0,0,268.05
529,0,1,0,0,1,1,0,0,0,0,1,1,0,0,268.55
530,0,1,0,0,0,0,0,0,0,0,1,1,0,0,269.05
531,0,1,0,0,0,0,0,0,0,0,1,1,0,0,269.55
532,0,1,0,0,0,0,0,0,0,0,1,1,0,0,270.05
533,0,1,0,0,0,0,0,0,1,0,1,1,0,0,270.55
534,0,1,0,0,0,0,0,0,1,0,0,1,0,0,271.05
535,0,1,0,0,1,1,0,0,1,0,0,1,0,0,271.55
536,0,1,0,0,1,1,0,0,1,0,0,0,0,0,272.05
537,0,1,0,0,1,1,0,0,1,0,0,0,0,0,272.55
538,0,1,0,0,1,1,0,0,0,0,0,0,0,0,273.05
539,0,1,0,0,1,1,0,0,0,0,1,1,0,0,273.55
540,0,1,0,0,0,0,0,0,1,0,1,1,0,0,274.05
541,0,1,0,0,0,0,0,0,1,0,1,1,0,0,274.55
542,0,1,0,0,0,0,0,0,1,0,1,1,0,0,275.05
543,0,1,0,0,1,1,0,0,1,0,1,1,0,0,275.55
544,0,1,0,0,1,1,0,0,0,1,0,1,0,0,276.05
545,0,1,0,0,1,1,0,0,0,1,0,0,0,0,276.55
546,0,1,0,0,1,1,0,0,0,1,0,0,0,0,277.05
547,0,1,0,0,1,1,0,0,1,0,0,0,0,0,277.55
548,0,1,0,0,0,0,0,0,1,0,0,0,0,0,278.05
549,0,1,0,0,0,0,0,0,1,0,1,1,0,0,278.55
550,0,1,0,0,0,0,0,0,0,0,1,1,0,0,279.05
551,0,1,0,0,0,0,0,0,0,0,1,1,0,0,279.55
552,0,1,0,0,0,0,0,0,0,0,1,1,0,0,280.05
553,0,1,0,0,0,0,0,0,0,0,1,1,0,0,280.55
554,0,1,0,0,1,1,0,0,0,0,0,1,0,0,281.05
555,0,1,0,0,1,1,0,0,1,0,0,0,0,0,281.55
556,0,1,0,0,1,1,0,0,1,0,0,0,0,0,282.05
557,0,1,0,0,1,1,0,0,1,0,0,0,0,0,282.55
558,0,1,0,0,0,0,0,0,0,0,0,0,0,0,283.05
559,0,1,0,0,0,0,0,0,0,0,1,0,0,0,283.55
560,0,1,0,0,0,0,0,0,0,0,1,1,0,0,284.05
561,0,1,0,0,0,0,0,0,0,0,1,1,0,0,284.55
562,0,1,0,0,0,0,0,0,1,0,1,1,0,0,285.05
563,0,1,0,0,0,0,0,0,1,0,1,1,0,0,285.55
564,0,1,0,0,1,1,0,0,0,0,1,1,0,1,286.05
565,0,1,0,0,1,1,0,0,0,0,0,1,0,1,286.55
566,0,1,0,0,1,1,0,0,0,0,0,0,0,1,287.05
567,0,1,0,0,1,1,0,0,0,0,0,0,0,1,287.55
568,0,1,0,0,1,1,0,0,1,0,0,1,0,1,288.05
569,0,1,0,0,0,0,0,0,1,0,0,1,0,1,288.55
570,0,1,0,0,0,0,0,0,1,0,0,1,0,1,289.05
571,0,1,0,0,0,0,0,0,1,0,0,1,0,1,289.55
572,0,1,0,0,0,0,0,0,1,0,0,1,0,1,290.05
573,0,1,0,0,0,0,0,0,0,0,0,1,0,1,290.55
574,1,1,0,0,0,0,0,0,0,1,0,0,0,1,291.05
575,1,1,0,0,0,0,0,0,0,1,0,0,0,1,291.55
576,0,1,0,0,0,0,0,0,0,1,0,0,0,1,292.05
577,0,1,0,0,1,1,0,0,0,1,0,0,0,1,292.55
578,0,1,0,0,1,1,0,0,0,0,0,0,0,1,293.05
579,0,1,0,0,1,1,0,0,0,0,1,1,0,1,293.55
580,0,1,0,0,1,1,0,0,0,0,1,1,0,1,294.05
581,0,1,0,0,0,0,0,0,0,0,1,1,0,1,294.55
582,1,1,1,0,0,0,0,0,0,0,1,1,0,1,295.05
583,1,1,1,0,0,0,0,0,0,0,1,1,0,1,295.55
584,1,1,1,0,0,0,0,0,0,0,1,1,0,1,296.05
585,0,1,1,0,0,0,0,0,0,0,0,0,0,1,296.55
586,0,1,0,0,0,0,0,0,0,0,0,0,0,1,297.05
587,0,1,0,0,1,1,0,0,0,0,0,0,0,1,297.55
588,0,1,0,0,1,1,0,0,0,0,0,1,0,1,298.05
589,0,1,0,0,0,0,0,0,0,0,0,1,0,0,298.55
590,0,1,0,0,0,0,0,0,0,0,0,1,0,0,299.05
591,0,1,0,0,0,0,0,0,0,0,0,1,0,0,299.55
592,0,1,0,0,0,0,0,0,0,0,0,1,0,0,300.05
593,0,1,0,0,0,0,0,0,0,0,0,1,0,0,300.55
594,0,0,0,0,0,0,0,0,0,0,0,1,0,0,301.05
595,0,0,0,0,0,0,0,0,0,0,0,0,0,0,301.55
596,0,0,0,0,0,0,0,0,0,0,0,1,0,0,302.05
597,0,0,0,0,0,0,0,0,0,0,0,1,0,0,302.55
598,0,0,0,0,0,0,0,0,0,0,0,1,0,0,303.05
599,0,0,0,0,0,0,0,0,0,0,0,1,0,0,303.55
600,0,0,0,0,0,0,0,0,0,0,0,1,0,0,304.05
601,0,0,0,0,1,1,0,0,0,0,0,1,0,0,304.55
602,0,0,0,0,1,1,0,0,0,0,0,0,0,0,305.05
603,0,0,0,0,1,1,0,0,0,0,0,0,0,0,305.55
604,0,0,0,0,1,1,0,0,0,0,0,0,0,0,306.05
605,0,0,0,0,1,1,0,0,0,0,0,0,0,0,306.55
606,0,0,0,0,0,0,0,0,0,0,0,0,0,0,307.05
607,0,0,0,0,0,0,0,0,0,0,0,0,0,0,307.55
608,0,0,0,0,0,0,0,0,0,0,0,0,0,0,308.05
609,0,0,0,0,0,0,0,0,0,0,0,0,0,0,308.55
610,0,0,0,0,1,1,0,0,0,0,0,0,0,0,309.05
611,0,0,0,0,1,1,0,0,0,0,0,0,0,0,309.55
612,0,0,0,0,1,1,0,0,0,0,0,0,0,0,310.05
613,0,0,0,0,0,0,0,0,0,0,0,0,0,0,310.55
614,0,0,0,0,0,0,0,0,0,0,0,1,0,0,311.05
615,0,0,0,0,0,0,0,0,0,0,0,1,0,0,311.55
616,0,0,0,0,0,0,0,0,0,0,0,1,0,0,312.05
617,0,0,0,0,0,0,0,0,0,0,0,1,0,0,312.55
618,0,0,0,0,0,0,0,0,0,0,0,1,0,0,313.05
619,0,0,0,0,0,0,0,0,0,0,0,1,0,0,313.55
620,0,0,0,0,0,0,0,0,0,0,0,0,0,0,314.05
621,0,0,0,0,1,1,0,0,0,0,0,0,0,0,314.55
622,0,0,0,0,1,1,0,0,0,0,0,0,0,0,315.05
623,0,0,0,0,1,1,0,0,0,0,0,0,0,0,315.55
624,0,0,0,0,0,0,0,0,0,0,0,1,0,0,316.05
625,0,0,0,0,1,1,0,0,0,0,0,1,0,0,316.55
626,0,0,0,0,1,1,0,0,0,0,0,1,0,0,317.05
627,0,0,0,0,1,1,0,0,0,0,0,1,0,0,317.55
628,0,0,0,0,1,1,0,0,0,0,0,1,0,0,318.05
629,0,0,0,0,1,1,0,0,0,0,0,1,0,0,318.55
630,0,0,0,0,1,1,0,0,0,0,0,0,0,0,319.05
631,0,0,0,0,1,1,0,0,0,0,0,0,0,0,319.55
632,0,0,0,0,1,1,0,0,0,0,0,0,0,0,320.05
633,0,0,0,0,0,0,0,0,0,0,0,0,0,0,320.55
634,0,0,0,0,0,0,0,0,0,0,0,0,0,0,321.05
635,0,0,0,0,0,0,0,0,0,0,0,0,0,0,321.55
636,0,0,0,0,0,0,0,0,0,0,0,1,0,0,322.05
637,0,0,0,0,0,0,0,0,0,0,0,1,0,0,322.55
638,0,0,0,0,0,0,0,0,0,0,0,1,0,0,323.05
639,0,0,0,0,0,0,0,0,0,0,0,1,0,0,323.55
640,0,0,0,0,0,0,0,0,0,0,0,1,0,0,324.05
641,0,0,0,0,0,0,0,0,0,0,0,1,0,0,324.55
642,0,0,0,0,0,0,0,0,0,0,0,0,0,0,325.05
643,0,0,0,0,0,0,0,0,0,0,0,0,0,0,325.55
644,0,0,0,0,0,0,0,0,0,0,0,0,0,0,326.05
645,0,0,0,0,0,0,0,0,0,0,0,1,0,0,326.55
646,0,0,0,0,0,0,0,0,0,0,0,1,0,0,327.05
647,0,0,0,0,0,0,0,0,0,0,0,1,0,0,327.55
648,0,0,0,0,0,0,0,0,0,0,0,1,0,0,328.05
649,0,0,0,0,0,0,0,0,0,0,0,1,0,0,328.55
650,0,0,0,0,0,0,0,0,0,0,0,1,0,0,329.05
651,0,0,0,0,0,0,0,0,0,0,0,1,0,0,329.55
652,0,0,0,0,1,1,0,0,0,0,0,0,0,0,330.05
653,0,0,0,0,1,1,0,0,0,0,0,0,0,0,330.55
654,0,0,0,0,1,1,0,0,0,0,0,0,0,0,331.05
655,0,0,0,0,1,1,0,0,0,0,0,0,0,0,331.55
656,0,0,0,0,1,1,0,0,0,0,0,0,0,0,332.05
657,0,0,0,0,1,1,0,0,0,0,0,0,0,0,332.55
658,0,0,0,0,1,1,0,0,0,0,0,0,0,0,333.05
659,0,0,0,0,1,1,0,0,0,0,0,0,0,0,333.55
660,0,0,0,0,1,1,0,0,0,0,0,0,0,0,334.05
661,0,0,0,0,1,1,0,0,0,0,0,0,0,0,334.55
662,0,0,0,0,1,1,0,0,0,0,0,0,0,0,335.05
663,0,0,0,0,0,0,0,0,0,0,0,0,0,0,335.55
664,0,0,0,0,1,1,0,0,0,0,0,0,0,0,336.05
665,0,0,0,0,1,1,0,0,0,0,0,0,0,0,336.55
666,0,0,0,0,0,0,0,0,0,0,0,0,0,0,337.05
667,0,0,0,0,0,0,0,0,0,0,0,0,0,0,337.55
668,0,0,0,0,1,1,0,0,0,0,0,0,0,0,338.05
669,0,0,0,0,1,1,0,0,0,0,0,0,0,0,338.55
670,0,0,0,0,1,1,0,0,0,0,0,0,0,0,339.05
671,0,0,0,0,1,1,0,0,0,0,0,0,0,0,339.55
672,0,0,0,0,1,1,0,0,0,0,0,0,0,0,340.05
673,0,0,0,0,1,1,0,0,0,0,0,0,0,0,340.55
674,0,0,0,0,1,1,0,0,0,0,0,1,0,0,341.05
675,0,0,0,0,1,0,0,0,0,0,0,1,0,0,341.55
676,0,0,0,0,0,0,0,0,0,0,0,1,0,0,342.05
677,0,0,0,0,0,0,0,0,0,0,0,1,0,0,342.55
678,0,0,0,0,0,0,0,0,0,0,0,1,0,0,343.05
679,0,0,0,0,0,0,0,0,0,0,0,1,0,0,343.55
680,0,0,0,0,0,0,0,0,0,0,0,1,0,0,344.05
681,0,0,0,0,0,0,0,0,0,0,0,0,0,0,344.55
682,0,0,0,0,0,0,0,0,0,0,0,0,0,0,345.05
683,0,0,0,0,0,0,0,0,0,0,0,1,0,0,345.55
684,0,0,0,0,0,0,0,0,0,0,0,1,0,0,346.05
685,0,0,0,0,0,0,0,0,0,0,0,1,0,0,346.55
686,0,0,0,0,0,0,0,0,0,0,0,1,0,0,347.05
687,0,0,0,0,0,0,0,0,0,0,0,1,0,0,347.55
688,0,0,0,0,0,0,0,0,0,0,0,1,0,0,348.05
689,0,0,0,0,0,0,0,0,0,0,0,0,0,0,348.55
690,0,0,0,0,0,0,0,0,0,0,0,0,0,0,349.05
691,0,0,0,0,0,0,0,0,0,0,0,0,0,0,349.55
692,0,0,0,0,0,0,0,0,0,0,0,1,0,0,350.05
693,0,0,0,0,0,0,0,0,0,0,0,1,0,0,350.55
694,1,0,0,0,0,0,0,0,0,0,0,1,0,1,351.05
695,1,0,0,0,0,0,0,0,0,0,0,1,0,1,351.55
696,0,0,0,0,0,0,0,0,0,0,0,1,0,1,352.05
697,0,0,0,0,0,0,0,0,0,0,0,1,0,1,352.55
698,0,0,0,0,1,1,0,0,0,0,0,1,0,1,353.05
699,0,0,0,0,1,1,0,0,0,0,0,0,0,1,353.55
700,0,0,0,0,1,1,0,0,0,0,0,0,0,1,354.05
701,0,0,0,0,1,1,0,0,0,0,0,0,0,1,354.55
702,0,0,0,0,1,1,0,0,0,0,0,0,0,1,355.05
703,0,0,0,0,1,1,0,0,0,0,0,0,0,1,355.55
704,0,0,0,0,1,1,0,0,0,0,0,0,0,1,356.05
705,0,0,0,0,1,1,0,0,0,0,0,0,0,1,356.55
706,0,0,0,0,1,1,0,0,0,0,0,0,0,1,357.05
707,0,0,0,0,1,1,0,0,0,0,0,0,0,1,357.55
708,0,0,0,0,1,1,0,0,0,0,0,0,0,1,358.05
709,0,0,0,0,0,0,0,0,0,0,0,0,0,0,358.55
710,0,0,0,0,0,0,0,0,0,0,0,0,0,0,359.05
711,0,0,0,0,0,0,0,0,0,0,0,0,0,0,359.55
712,0,0,0,0,0,0,0,0,0,0,0,1,0,0,360.05
713,0,0,0,0,0,0,0,0,0,0,0,1,0,0,360.55
714,0,0,0,0,0,0,0,0,0,0,0,1,0,0,361.05
715,0,0,0,0,0,0,0,0,0,0,0,1,0,0,361.55
716,0,0,0,0,0,0,0,0,0,0,0,1,0,0,362.05
717,0,0,0,0,0,0,0,0,0,0,0,1,0,0,362.55
718,0,0,0,0,0,0,0,0,0,0,0,1,0,0,363.05
719,0,0,0,0,0,0,0,0,0,0,0,1,0,0,363.55
720,0,0,0,0,0,0,0,0,0,0,0,0,0,0,364.05
721,0,0,0,0,1,0,0,0,0,0,0,0,0,0,364.55
722,0,0,0,0,1,0,0,0,0,0,0,0,0,0,365.05
723,0,0,0,0,0,0,0,0,0,0,0,1,0,0,365.55
724,0,0,0,0,0,0,0,0,0,0,0,1,0,0,366.05
725,0,0,0,0,0,0,0,0,0,0,0,1,0,0,366.55
726,0,0,0,0,0,0,0,0,0,0,0,1,0,0,367.05
727,0,0,0,0,1,1,0,0,0,0,0,1,0,0,367.55
728,0,0,0,0,1,1,0,0,0,0,0,0,0,0,368.05
729,0,0,0,0,1,1,0,0,0,0,0,0,0,0,368.55
730,0,0,0,0,1,1,0,0,0,0,0,0,0,0,369.05
731,0,0,0,0,1,1,0,0,0,0,0,0,0,0,369.55
732,0,0,0,0,0,0,0,0,0,0,0,0,0,0,370.05
733,0,0,0,0,0,0,0,0,0,0,0,0,0,0,370.55
734,0,0,0,0,0,0,0,0,0,0,0,0,0,0,371.05
735,0,0,0,0,1,1,0,0,0,0,0,0,0,0,371.55
736,0,0,0,0,1,1,0,0,0,0,0,0,0,0,372.05
737,0,0,0,0,1,1,0,0,0,0,0,0,0,0,372.55
738,0,0,0,0,1,1,0,0,0,0,0,0,0,0,373.05
739,0,0,0,0,1,1,0,0,0,0,0,0,0,0,373.55
740,0,0,0,0,1,1,0,0,0,0,0,0,0,0,374.05
741,0,0,0,0,1,1,0,0,0,0,0,0,0,0,374.55
742,0,0,0,0,1,1,0,0,0,0,0,0,0,0,375.05
743,0,0,0,0,0,0,0,0,0,0,0,0,0,0,375.55
744,0,0,0,0,0,0,0,0,0,0,0,0,0,0,376.05
745,0,0,0,0,1,1,0,0,0,0,0,0,0,1,376.55
746,0,0,0,0,1,1,0,0,0,0,0,0,0,1,377.05
747,0,0,0,0,1,1,0,0,0,0,0,0,0,1,377.55
748,0,0,0,0,1,1,0,0,0,0,0,0,0,1,378.05
749,0,0,0,0,1,1,0,0,0,0,0,0,0,1,378.55
750,0,0,0,0,1,1,0,0,0,0,0,0,0,1,379.05
751,0,0,0,0,1,1,0,0,0,0,0,1,0,1,379.55
752,0,0,0,0,0,0,0,0,0,0,0,1,0,1,380.05
753,0,0,0,0,0,0,0,0,0,0,0,1,0,1,380.55
754,0,0,0,0,0,0,0,0,0,0,0,1,0,1,381.05
755,0,0,0,0,0,0,0,0,0,0,0,1,0,1,381.55
756,0,0,0,0,0,0,0,0,0,0,0,1,0,1,382.05
757,0,0,0,0,0,0,0,0,0,0,0,1,0,1,382.55
758,0,0,0,0,1,1,0,0,0,0,0,0,0,1,383.05
759,0,0,0,0,1,1,0,0,0,0,0,0,0,1,383.55
760,1,0,0,0,1,1,0,0,0,0,0,0,0,1,384.05
761,1,0,0,0,1,0,0,0,0,0,0,0,0,1,384.55
762,0,0,0,0,1,0,0,0,0,0,0,0,0,1,385.05
763,1,0,0,0,1,0,0,0,0,0,0,0,0,1,385.55
764,1,0,0,0,1,0,0,0,0,0,0,0,0,1,386.05
765,0,0,0,0,1,0,0,0,0,0,0,0,0,1,386.55
766,0,0,0,0,0,0,0,0,0,0,0,0,0,1,387.05
767,0,0,0,0,0,0,0,0,0,0,0,0,0,1,387.55
768,0,0,0,0,0,0,0,0,0,0,0,0,0,1,388.05
769,0,0,0,0,0,0,0,0,0,0,0,0,0,1,388.55
770,0,0,0,0,0,0,0,0,0,0,0,0,0,1,389.05
771,0,0,0,0,0,0,0,0,0,0,0,0,0,1,389.55
772,0,0,0,0,1,0,0,0,0,0,0,0,0,1,390.05
773,0,0,0,0,0,0,0,0,0,0,0,0,0,0,390.55
774,0,0,0,0,1,0,0,0,0,0,0,0,0,0,391.05
775,0,1,0,0,1,0,0,0,0,0,0,0,0,0,391.55
776,0,1,0,0,1,0,0,0,0,0,0,0,0,0,392.05
777,0,1,0,0,0,0,0,0,0,0,0,0,0,0,392.55
778,0,1,0,0,0,0,0,0,0,0,0,0,0,0,393.05
779,0,1,0,0,1,0,0,0,0,0,0,0,0,0,393.55
780,0,1,0,0,1,0,0,0,0,0,0,0,0,0,394.05
781,0,1,0,0,1,0,0,0,0,0,0,0,0,0,394.55
782,0,1,0,0,0,0,0,0,0,0,0,0,0,0,395.05
783,0,1,0,0,0,0,0,0,0,0,0,0,0,0,395.55
784,0,1,0,0,0,0,0,0,0,0,0,0,0,0,396.05
785,0,1,0,0,0,0,0,0,0,0,0,0,0,0,396.55
786,0,1,0,0,0,0,0,0,0,0,0,0,0,0,397.05
787,0,1,0,0,0,0,0,0,0,0,0,0,0,0,397.55
788,0,1,0,0,0,0,0,0,0,0,0,0,0,0,398.05
789,0,1,0,0,0,0,0,0,0,0,0,0,0,0,398.55
790,0,1,0,0,0,0,0,0,0,0,0,0,0,0,399.05
791,0,1,0,0,0,0,0,0,0,0,0,0,0,0,399.55
792,0,1,0,0,0,0,0,0,0,0,0,0,0,0,400.05
793,0,1,1,0,0,0,0,0,0,0,0,0,0,0,400.55
794,0,1,1,0,0,0,0,0,0,0,0,0,0,0,401.05
795,0,1,1,0,0,0,0,0,0,0,0,0,0,0,401.55
796,0,1,1,0,0,0,0,0,0,0,0,0,0,0,402.05
797,0,1,1,0,0,0,0,0,0,0,0,0,0,0,402.55
798,0,1,1,0,0,0,0,0,0,0,0,0,0,0,403.05
799,0,1,0,0,0,0,0,0,0,0,0,0,0,0,403.55
800,0,1,0,0,1,1,0,0,0,0,0,0,0,0,404.05
801,0,1,0,0,1,1,0,0,0,0,0,0,0,0,404.55
802,0,1,0,0,1,1,0,0,0,0,0,0,0,0,405.05
803,0,1,0,0,1,1,0,0,0,0,0,0,0,0,405.55
804,0,1,0,0,0,0,0,0,0,0,0,0,0,0,406.05
805,0,1,0,0,1,1,0,0,0,0,0,0,0,1,406.55
806,0,1,0,0,1,1,0,0,0,0,0,0,0,1,407.05
807,0,1,0,0,1,1,0,0,0,0,0,0,0,1,407.55
808,0,1,0,0,1,1,0,0,0,0,0,0,0,1,408.05
809,0,1,0,0,1,1,0,0,0,0,0,0,0,1,408.55
810,0,1,0,0,1,1,0,0,0,0,0,0,0,1,409.05
811,0,1,0,0,1,1,0,0,0,0,0,1,0,1,409.55
812,0,1,0,0,1,1,0,0,0,0,0,1,0,1,410.05
813,0,1,0,0,0,0,0,0,0,0,0,1,0,1,410.55
814,0,1,1,0,0,0,0,0,0,0,0,1,0,1,411.05
815,1,1,1,0,0,0,0,0,0,0,0,1,0,1,411.55
816,1,1,1,0,1,1,0,0,0,0,0,1,0,1,412.05
817,0,1,1,0,1,1,0,0,0,0,0,1,0,1,412.55
818,0,1,0,0,1,1,0,0,0,0,0,0,0,1,413.05
819,1,1,0,0,1,1,0,0,0,0,0,0,0,1,413.55
820,1,1,0,0,0,0,0,0,0,0,0,0,0,1,414.05
821,1,1,0,0,1,0,0,0,0,0,0,0,0,1,414.55
822,0,1,0,0,1,0,0,0,0,0,0,0,0,1,415.05
823,0,1,0,0,1,0,0,0,0,0,0,0,0,1,415.55
824,0,1,0,0,1,0,0,0,0,0,0,0,0,1,416.05
825,0,1,0,0,1,0,0,0,0,0,0,0,0,0,416.55
826,0,1,0,0,1,0,0,0,0,0,0,0,0,0,417.05
827,0,0,0,0,1,0,0,0,0,0,0,0,0,0,417.55
828,0,0,0,0,0,0,0,0,0,0,0,0,0,0,418.05
829,0,0,0,0,0,0,0,0,0,0,0,0,0,0,418.55
830,0,0,0,0,0,0,0,0,0,0,0,0,0,0,419.05
831,0,0,0,0,0,0,0,0,0,0,0,0,1,0,419.55
