,Child utterance:utterance,Child utterance:other vocalization,Child gaze:robot,Child gaze:parent,Child gaze:props,Child gesture:point at prop,Child gesture:other,Parent utterance:utterance,Parent utterance:missing data,Verbal scaffolding:cognitive,Verbal scaffolding:technical,Verbal scaffolding:affective,Verbal scaffolding:instruction translation,Parent gaze:robot,Parent gaze:child,Parent gaze:props,Parent gesture:point at prop,Parent gesture:other,Child prop manipulation:child,Parent prop manipulation:parent,robot pointing:point at prop,robot text:other,robot text:song,robot text:teach,robot text:pick up,robot text:try again,robot text:positive feedback,robot text:put down,start-end:start,start-end:end,Conversational turns:PC,Conversational turns:CP,Conversational turns:PCP,Conversational turns:CPC,Joint attention:robot,Joint attention:props,Mutual gaze:MG
Child utterance:utterance,"[1, 1.0]","[1, 1.0]","[5, 0.21309916830308004]","[4, 0.01818603040418121]","[5, 0.973917704461437]","[2, 0.28994374494830777]","[3, 0.18686915784225527]","[1, 0.17967722846334916]","[1, 1.0]","[2, 0.3018941754018393]","[1, 0.9533223612219713]","[2, 0.30608377305068496]","[1, 1.0]","[4, 0.0852365452029192]","[1, 0.12428746910188002]","[1, 0.32088896975147596]","[4, 0.8606787495218452]","[1, 1.0]","[3, 0.896643580844793]","[5, 0.9991316522203424]","[5, 0.27726175732920944]","[2, 0.32500596556578576]","[5, 0.997936788822727]","[5, 0.33314941006475274]","[5, 0.5933535590184699]","[3, 0.027892517554124696]","[2, 0.6391321877405254]","[3, 0.3491289763717639]","[1, 1.0]","[1, 0.00028339349319225933]","[5, 7.842124675720733e-07]","[5, 7.775170585720532e-05]","[5, 4.30932957105308e-06]","[4, 0.0006153282029723461]","[5, 0.05725649084959219]","[5, 0.9000937080229796]","[4, 0.0016138485556553466]"
Child utterance:other vocalization,"[1, 1.0]","[1, 1.0]","[2, 0.45225092476845186]","[2, 0.21134883101590482]","[1, 0.018520658106628295]","[1, 1.0]","[1, 1.0]","[1, 1.0]","[1, 1.0]","[1, 1.0]","[1, 1.0]","[1, 1.0]","[1, 1.0]","[2, 0.2732711924621789]","[1, 0.0038474806158665543]","[1, 0.0005320055051392616]","[1, 1.0]","[1, 1.0]","[2, 0.001985523758807693]","[5, 1.3894949403772952e-33]","[1, 1.0]","[1, 1.0]","[1, 1.0]","[1, 1.0]","[1, 1.0]","[1, 1.0]","[2, 0.0762133412190309]","[5, 1.11729611364614e-11]","[1, 1.0]","[1, 1.0]","[2, 0.0005594052659702932]","[1, 1.0]","[1, 1.0]","[1, 1.0]","[2, 0.3056573371577456]","[1, 0.0022968299774997563]","[1, 0.0003214329412146814]"
Child gaze:robot,"[1, 9.701763024687049e-05]","[3, 0.0005326779049972596]","[1, 1.0]","[1, 0.0008100596372932179]","[3, 1.0146861937572349e-08]","[5, 0.3599077097250269]","[1, 0.10792534713053674]","[1, 0.7008185785270693]","[5, 0.019524063194994258]","[1, 0.5127263517407139]","[5, 0.09140971557006163]","[1, 0.0815189123354034]","[4, 0.03963149837977915]","[2, 0.0005625878828498735]","[1, 0.002469310820172072]","[1, 0.22502131930043134]","[4, 0.24774883280742005]","[1, 0.029181438406210233]","[5, 0.0009630387289202754]","[4, 0.4363132446904744]","[2, 0.7641788328802029]","[1, 0.08750160528492314]","[1, 0.9265761967726954]","[4, 0.18440089658263262]","[1, 0.9779046323915708]","[5, 0.101747031113312]","[4, 0.20245682811210267]","[3, 0.25024708125180867]","[5, 0.15117204853043656]","[1, 1.0]","[1, 0.2767815092994339]","[4, 0.019487144855724205]","[4, 0.258510762813082]","[1, 0.02918143840620784]","[2, 0.00770957485012719]","[3, 0.0003823600456673397]","[1, 2.928518933236651e-06]"
Child gaze:parent,"[5, 0.0007447971467426875]","[2, 0.005144736402240548]","[5, 0.11572471178863142]","[1, 1.0]","[3, 0.004713814754673995]","[1, 1.0]","[4, 0.5945253600019277]","[3, 0.28267219810326044]","[5, 0.026319090848470894]","[3, 0.3961456283442858]","[3, 0.9974993618918941]","[1, 0.013006509452404568]","[1, 1.0]","[1, 9.170717357204347e-08]","[2, 1.2856030402490479e-05]","[3, 0.8876303294506188]","[2, 0.030827490814149126]","[4, 0.9577567382346355]","[3, 0.30316388851203496]","[5, 0.35442573755028645]","[5, 0.23896314478192004]","[2, 0.030203262302111244]","[1, 0.0022968299775000035]","[5, 0.040905723968570507]","[5, 0.8646768021697001]","[2, 0.2757753416432213]","[3, 0.09612527114560677]","[3, 0.5827180274637458]","[4, 0.00048494505140204904]","[1, 1.0]","[5, 0.0003663763399476737]","[5, 0.2541540705588215]","[5, 5.092913340898364e-06]","[5, 0.11034940887580844]","[1, 8.418045374463272e-06]","[3, 0.26256807358229617]","[5, 3.13184303948922e-07]"
Child gaze:props,"[3, 0.9427794968772937]","[3, 0.0036876893155272303]","[3, 9.068025980736551e-10]","[2, 0.0325316569944997]","[2, 0.9999999999999598]","[3, 0.6983407771766812]","[2, 0.9999999999999598]","[2, 0.01285598012945482]","[4, 0.33459071227896703]","[2, 0.2081103088312028]","[3, 0.024078764435201804]","[2, 0.7631762455950375]","[5, 0.052280209315819684]","[1, 0.2943140943541522]","[3, 0.01372037275713847]","[2, 0.0039101255458716825]","[2, 0.1867177028147169]","[5, 0.015918645332099555]","[3, 0.12499657884012375]","[5, 0.47705226330552597]","[1, 0.16006813772394718]","[1, 0.3562338299077088]","[2, 0.9999999999999598]","[4, 0.010717115908186824]","[1, 0.029113459964915024]","[5, 0.016608977940876082]","[5, 0.03339907889867228]","[1, 0.2613392361583159]","[2, 0.9999999999999598]","[2, 0.9999999999999598]","[2, 0.4842479353935323]","[3, 0.7664379221372178]","[2, 0.9999999999999598]","[2, 0.9999999999999598]","[1, 0.001854679034962285]","[3, 0.0025887883458002494]","[1, 0.1368165793365087]"
Child gesture:point at prop,"[2, 0.17599946330505006]","[1, 1.0]","[3, 0.7407676467250395]","[1, 1.0]","[4, 0.8195611056975509]","[1, 1.0]","[1, 1.0]","[2, 0.002553819426967737]","[1, 1.0]","[2, 0.20137760811994934]","[2, 0.04923068023872634]","[1, 1.0]","[5, 1.3451072705863537e-07]","[4, 0.9998730840888609]","[4, 0.9998419643772387]","[1, 1.0]","[1, 1.0]","[1, 1.0]","[3, 0.9856180451308941]","[4, 0.9518587154533783]","[3, 0.3130686270227347]","[1, 1.0]","[3, 1.1197190098106905e-09]","[1, 1.0]","[1, 1.0]","[1, 1.0]","[4, 0.552807695567646]","[2, 0.015438574312079796]","[1, 1.0]","[1, 1.0]","[2, 0.005352675604177019]","[1, 1.0]","[1, 1.0]","[1, 1.0]","[4, 0.9998865793413784]","[1, 1.0]","[1, 1.0]"
Child gesture:other,"[5, 0.012016975771274339]","[1, 1.0]","[3, 0.4991084858341076]","[1, 1.0]","[1, 1.0]","[1, 1.0]","[1, 1.0]","[1, 1.0]","[1, 1.0]","[1, 1.0]","[1, 1.0]","[1, 1.0]","[1, 1.0]","[1, 7.364362281784444e-05]","[4, 0.10254389694520422]","[1, 1.0]","[1, 1.0]","[1, 1.0]","[1, 1.0]","[1, 1.0]","[4, 0.016189172151607457]","[4, 0.0001711834003435159]","[1, 1.0]","[4, 0.00037813096859965986]","[4, 0.0001022578362880805]","[1, 1.0]","[1, 1.0]","[1, 1.0]","[1, 1.0]","[1, 1.0]","[1, 1.0]","[1, 1.0]","[1, 1.0]","[1, 1.0]","[1, 0.062352291829245815]","[1, 1.0]","[1, 1.0]"
Parent utterance:utterance,"[3, 0.4644755986759056]","[1, 1.0]","[4, 0.001772742212565676]","[1, 0.5916936595232645]","[4, 0.03877659962690484]","[2, 0.11898352292568685]","[1, 1.0]","[1, 1.0]","[3, 0.43923528823819435]","[1, 0.6087008000564872]","[2, 0.5604051875325557]","[5, 0.417602781147117]","[2, 0.552752309049609]","[4, 0.13525622022174388]","[1, 0.009623167513012523]","[2, 0.4758094008354872]","[2, 0.0003675069434074324]","[1, 0.014777552667574696]","[2, 0.009461302175225592]","[1, 0.08606756787233644]","[3, 0.25073989953016773]","[2, 0.5848522227973624]","[1, 0.022362072853272578]","[4, 0.27380236094282256]","[5, 0.010641780116680094]","[5, 0.05365841257533488]","[5, 0.01692141601374486]","[1, 0.3394226921377893]","[1, 1.0]","[2, 0.927831380001516]","[5, 0.6607165420288912]","[5, 0.004586937892879677]","[3, 0.6721785241616998]","[3, 0.011219926352510713]","[5, 0.49018404650431313]","[4, 0.05261993057229674]","[1, 0.22081542776081908]"
Parent utterance:missing data,"[1, 1.0]","[1, 1.0]","[2, 0.3101784782978517]","[1, 0.029328933468184173]","[2, 0.0005766861231188171]","[1, 1.0]","[1, 1.0]","[4, 0.9961782129620219]","[1, 1.0]","[4, 0.9791374422611251]","[1, 1.0]","[1, 1.0]","[1, 1.0]","[4, 0.39027601996283234]","[2, 0.11932675583246032]","[5, 2.5618654558085045e-05]","[3, 2.5661785531440004e-06]","[4, 0.0642123842669633]","[1, 1.0]","[1, 1.0]","[1, 1.0]","[1, 1.0]","[1, 1.0]","[1, 1.0]","[1, 1.0]","[4, 0.841418446567671]","[4, 0.08935655229383135]","[1, 1.0]","[1, 1.0]","[1, 1.0]","[1, 1.0]","[1, 1.0]","[1, 1.0]","[1, 1.0]","[4, 0.003773595174648912]","[4, 0.0011901423504033207]","[1, 0.011362221876002648]"
Verbal scaffolding:cognitive,"[1, 0.30299586897873004]","[1, 1.0]","[4, 0.0018791447630242444]","[1, 0.40046512359653386]","[4, 0.13827599881555847]","[1, 0.06281184751609939]","[1, 1.0]","[1, 0.4131615667969163]","[3, 0.08600350302274967]","[1, 1.0]","[5, 0.9999933364331695]","[1, 0.1448805713730392]","[5, 0.03829796348504584]","[4, 0.15230304733037228]","[3, 0.06243651599809073]","[5, 0.014325908549991122]","[1, 0.0016149730608877057]","[1, 0.000157626390670242]","[2, 0.04304074398815615]","[1, 0.9223828033005439]","[3, 0.7719851089588433]","[4, 0.24486320051109206]","[4, 6.82007706715819e-05]","[3, 0.6762931252386926]","[2, 0.05350409711907226]","[1, 0.07394729284886613]","[1, 0.2634184695206118]","[5, 0.9999698241381209]","[1, 1.0]","[2, 0.8863441453204588]","[5, 0.10535151617509753]","[4, 0.43329182131089716]","[2, 0.8119083238923996]","[2, 0.0012866684815714502]","[5, 0.1911475897322135]","[3, 0.21400850739895377]","[5, 0.6406563242579137]"
Verbal scaffolding:technical,"[5, 0.45845436765591085]","[1, 1.0]","[5, 0.03299409213197179]","[1, 0.250795033634176]","[4, 0.004213310413785007]","[2, 0.008529513944017842]","[1, 1.0]","[1, 0.3299599420073495]","[1, 1.0]","[4, 0.7341534237469982]","[1, 1.0]","[1, 1.0]","[1, 1.0]","[1, 0.22817977578872095]","[2, 0.527905283673036]","[5, 0.003725370887826611]","[5, 3.714891563123416e-08]","[1, 1.0]","[2, 0.08554288753477372]","[5, 4.961761921203787e-06]","[5, 0.16558388734196752]","[1, 1.0]","[1, 1.0]","[5, 0.15976094463319027]","[1, 0.14156193495109975]","[5, 2.1127803252308073e-07]","[2, 0.3216982851867595]","[5, 1.9309833723224638e-05]","[1, 1.0]","[1, 1.0]","[2, 0.14362309908111343]","[5, 0.20402082095150903]","[1, 1.0]","[1, 1.0]","[1, 0.2863113742761634]","[5, 2.1565974456464536e-07]","[2, 0.3832184795690446]"
Verbal scaffolding:affective,"[3, 0.9952768221658099]","[1, 1.0]","[2, 0.0055319710424362395]","[2, 0.4531661168139838]","[1, 0.33666836761003394]","[1, 1.0]","[1, 1.0]","[2, 0.9962959154122147]","[1, 1.0]","[2, 0.9926072930392443]","[1, 1.0]","[1, 1.0]","[5, 0.9758118902540975]","[2, 0.46864947423731096]","[1, 0.2399729021903796]","[2, 0.9931364848660844]","[1, 1.0]","[1, 1.0]","[5, 0.8884114198692936]","[1, 1.0]","[3, 0.044522544560154545]","[1, 1.0]","[1, 1.0]","[3, 0.08895052585049143]","[2, 0.07903659265531615]","[1, 1.0]","[4, 0.00010530239351143886]","[1, 1.0]","[1, 1.0]","[1, 1.0]","[3, 0.16744782836376587]","[3, 0.9835609107540935]","[3, 0.01611160068194801]","[5, 0.7306385700990029]","[3, 0.19241046273643336]","[5, 0.9999012060257605]","[2, 0.3338578481524054]"
Verbal scaffolding:instruction translation,"[1, 1.0]","[1, 1.0]","[1, 0.12672222662993543]","[1, 1.0]","[3, 0.10694705249041947]","[5, 0.21111905091847574]","[1, 1.0]","[5, 0.3721543431179213]","[1, 1.0]","[5, 0.8195658170025163]","[1, 1.0]","[5, 0.001878314864017864]","[1, 1.0]","[1, 1.0]","[4, 0.00014907789490729468]","[4, 0.010880772281708188]","[1, 1.0]","[1, 1.0]","[5, 0.9089827063905969]","[1, 1.0]","[1, 1.0]","[1, 1.0]","[1, 1.0]","[1, 1.0]","[5, 6.669273374361444e-05]","[1, 1.0]","[5, 0.0726616018527261]","[1, 1.0]","[1, 1.0]","[1, 1.0]","[1, 1.0]","[1, 1.0]","[1, 1.0]","[1, 1.0]","[1, 1.0]","[1, 1.0]","[1, 1.0]"
Parent gaze:robot,"[4, 0.0584187866959605]","[1, 0.00532688063842314]","[1, 0.639787383282731]","[2, 0.304432102122012]","[5, 0.2984056869419508]","[3, 0.587733664043159]","[3, 0.2686667414364924]","[1, 0.013618944294958793]","[5, 0.9999992139194006]","[1, 0.001954487490656638]","[2, 0.6344015065858262]","[2, 0.5576940850415203]","[1, 1.0]","[1, 1.0]","[3, 0.00751535579874842]","[1, 4.060970142429506e-06]","[4, 0.5932200481143937]","[5, 0.056317153654072846]","[5, 0.0021205149601949075]","[3, 0.275455480037507]","[1, 0.10903281797496145]","[3, 0.16137678101038921]","[4, 0.9993407844855174]","[4, 0.3866157960597162]","[2, 0.22912266370359347]","[5, 0.042527104628915256]","[3, 0.2194774362673672]","[3, 0.3295425337005485]","[3, 0.0013015092804148528]","[1, 1.0]","[1, 0.00532688063842314]","[2, 0.0002921183611373587]","[2, 0.14497733292904433]","[4, 0.0878816538172725]","[2, 0.47858806324416736]","[4, 0.08122499253566404]","[2, 0.3764521319270987]"
Parent gaze:child,"[2, 0.0004838927639617015]","[1, 3.774209811073725e-09]","[2, 0.22140719760784186]","[3, 0.021799335096340883]","[3, 0.052227580156483336]","[3, 0.541580478583777]","[4, 0.40062327286811494]","[1, 0.04157124293633927]","[1, 0.04161133434440651]","[1, 0.001314124103743865]","[3, 0.9995708266147043]","[1, 0.2399729021903796]","[1, 0.0409709700219614]","[4, 2.134593579216221e-07]","[1, 1.0]","[5, 0.03143393935643489]","[1, 0.40579065963254]","[5, 0.0015798671947660893]","[2, 0.09975750417813181]","[1, 1.0]","[2, 0.14751090999074498]","[4, 0.6318826101871651]","[3, 0.992730163573764]","[1, 0.029328933468186703]","[4, 0.0880296991939614]","[5, 0.4255298677406163]","[1, 0.38593587076828606]","[4, 0.3536610545159814]","[2, 0.00020139910439461738]","[5, 0.01142338444880802]","[5, 0.014554149308920293]","[2, 0.3805265058092707]","[3, 0.2292103152669644]","[5, 0.9997795865778248]","[1, 0.2252270684681148]","[5, 0.006826371114280312]","[4, 0.2371754634891735]"
Parent gaze:props,"[2, 0.602012509278961]","[1, 0.0005275696907367357]","[1, 0.018290458123961736]","[2, 0.004023841028617292]","[5, 0.023439723208246874]","[1, 1.0]","[1, 1.0]","[4, 0.500181126974373]","[5, 0.00010210736436228644]","[5, 0.3623994422459641]","[4, 0.10942976718401173]","[1, 0.9599937838526537]","[1, 0.01468719319916458]","[3, 0.4624612011728022]","[1, 0.0010664299294160045]","[1, 1.0]","[2, 0.18530844640476116]","[5, 2.0785122147556445e-08]","[2, 0.00477451565719875]","[4, 0.13613606029022027]","[2, 0.2840734871043814]","[3, 0.9995917121705713]","[1, 1.0]","[2, 0.3125109177255834]","[2, 0.30785712947520744]","[5, 0.00039697317481907]","[5, 0.18164854941540384]","[1, 0.12379617234544646]","[1, 1.0]","[1, 1.0]","[2, 0.9690181900472846]","[2, 0.007560919404927512]","[1, 1.0]","[1, 1.0]","[1, 0.5453009474175476]","[5, 0.0007966701198508784]","[5, 0.053354864515383606]"
Parent gesture:point at prop,"[1, 0.28358562209845756]","[1, 1.0]","[4, 0.0013681934911485246]","[1, 0.07949818697081398]","[2, 0.04544249396640623]","[1, 1.0]","[1, 1.0]","[2, 0.3523281270901544]","[3, 0.0013318523469191474]","[4, 0.712463423612435]","[5, 0.07433964787412432]","[1, 1.0]","[1, 1.0]","[4, 0.03900616756155918]","[3, 0.5076910015562399]","[5, 0.013614130318616894]","[1, 1.0]","[1, 0.0001763654881113276]","[3, 0.0063167245183270194]","[1, 1.0]","[4, 0.15675747611569818]","[1, 1.0]","[4, 5.831390179352805e-05]","[2, 0.40144084936185825]","[1, 0.24283037070148028]","[5, 0.031321489761990805]","[1, 0.2626844490867055]","[5, 5.3725904866782446e-11]","[1, 1.0]","[1, 1.0]","[5, 0.5829977833196334]","[1, 0.06909871813919237]","[1, 0.9124721187303678]","[5, 0.9987728564346535]","[2, 0.06835812717242455]","[5, 0.43470304196514475]","[2, 0.614847718672332]"
Parent gesture:other,"[1, 1.0]","[1, 1.0]","[4, 0.06532300034524775]","[4, 1.9958551754981167e-07]","[3, 0.0007993857200699071]","[1, 1.0]","[1, 1.0]","[3, 0.3530767906406315]","[3, 2.4448622235864026e-28]","[3, 0.039891699897241006]","[1, 1.0]","[1, 1.0]","[1, 1.0]","[1, 1.0]","[2, 1.436147119201838e-08]","[2, 5.491229941388178e-12]","[2, 9.24048527017575e-14]","[1, 1.0]","[3, 0.3751681279275672]","[1, 1.0]","[1, 1.0]","[1, 1.0]","[1, 1.0]","[1, 1.0]","[1, 1.0]","[4, 1.117499071603256e-37]","[1, 1.0]","[1, 1.0]","[1, 1.0]","[1, 1.0]","[1, 1.0]","[1, 1.0]","[1, 1.0]","[1, 1.0]","[1, 1.0]","[2, 2.57590930536082e-09]","[5, 1.171292514778367e-06]"
Child prop manipulation:child,"[3, 0.6382682979473409]","[5, 0.012908367812066966]","[5, 0.018567187111352048]","[5, 0.6385726841257244]","[5, 0.056996939218887675]","[4, 0.02514419027381607]","[1, 1.0]","[5, 0.05619868715924049]","[1, 1.0]","[5, 0.004861781892231636]","[5, 7.835712195219139e-06]","[5, 0.6393898486032424]","[5, 0.09635317664994329]","[3, 0.14046374579297838]","[1, 0.039600735627070505]","[2, 0.03105759394600521]","[3, 0.022883090028198338]","[1, 0.0022877217244204042]","[1, 1.0]","[3, 0.028108936466162276]","[4, 0.10137037903016509]","[4, 0.9999897522659579]","[1, 1.0]","[4, 0.08138203475612668]","[4, 0.08303656900836774]","[5, 0.5102491988703796]","[5, 0.0003954656256645764]","[3, 7.689729242864813e-06]","[1, 1.0]","[1, 1.0]","[3, 0.21358518134574483]","[1, 0.14985388915304612]","[1, 0.031620154533197865]","[3, 0.025851020824070852]","[3, 0.5888668451094481]","[5, 0.006408974277201127]","[3, 0.8684876397605332]"
Parent prop manipulation:parent,"[5, 0.022376124699188954]","[1, 1.0]","[1, 0.1260510453504789]","[4, 0.2811171161316934]","[3, 0.008658122341113442]","[5, 1.0049956186574786e-08]","[1, 1.0]","[1, 0.10696995879916722]","[1, 1.0]","[3, 0.270639014888444]","[3, 4.319706031578968e-05]","[1, 1.0]","[1, 1.0]","[5, 0.0011586779979868736]","[1, 1.0]","[5, 0.003007535355912992]","[1, 1.0]","[1, 1.0]","[1, 0.03109179121649946]","[1, 1.0]","[1, 1.0]","[1, 1.0]","[1, 1.0]","[1, 1.0]","[1, 0.005881657329734232]","[1, 1.0]","[5, 0.1277439125898074]","[3, 0.0002465863765213037]","[1, 1.0]","[1, 1.0]","[3, 4.686718164577091e-05]","[1, 1.0]","[1, 1.0]","[1, 1.0]","[5, 0.001588268785771575]","[3, 0.05842067703941791]","[1, 1.0]"
robot pointing:point at prop,"[1, 0.3240154860622871]","[1, 1.0]","[1, 0.20277247404093116]","[1, 0.009251855903180334]","[2, 0.39836345857274097]","[2, 0.17761231537759622]","[1, 0.008337168518224036]","[3, 0.47853180029119524]","[1, 1.0]","[3, 0.10433869176763415]","[1, 0.9533223612219713]","[5, 0.4521765100519206]","[1, 1.0]","[1, 0.42324325885412273]","[4, 0.8276638128568377]","[3, 0.21559474485469693]","[3, 0.4697264953958248]","[1, 1.0]","[1, 0.07949818697081398]","[1, 1.0]","[1, 1.0]","[2, 0.011582233877189424]","[1, 1.0]","[5, 9.340229582959331e-08]","[1, 0.8878024526726573]","[1, 1.0]","[1, 0.0005877008830405169]","[5, 0.9905920495331356]","[1, 1.0]","[1, 1.0]","[1, 1.0]","[4, 0.5998400647309088]","[1, 1.0]","[1, 1.0]","[1, 0.44851080185136005]","[3, 0.07112752207613984]","[1, 0.043006336725669884]"
robot text:other,"[2, 0.1280061634169894]","[1, 1.0]","[3, 0.05725780172345445]","[2, 0.03077997243116861]","[5, 0.4751082383663132]","[1, 1.0]","[1, 0.0003211689287723429]","[1, 0.37256603643791786]","[1, 1.0]","[1, 0.16108012009642628]","[1, 1.0]","[1, 1.0]","[1, 1.0]","[5, 0.499386590682917]","[5, 0.056093178045979936]","[2, 0.4007466435003467]","[1, 1.0]","[1, 1.0]","[3, 0.40291245850076296]","[1, 1.0]","[2, 0.943100828990696]","[1, 1.0]","[1, 1.0]","[5, 0.0022745510766032963]","[1, 0.12804395534217788]","[1, 1.0]","[1, 0.002214325338126618]","[1, 1.0]","[3, 6.5681620806080036e-12]","[2, 0.899053161369819]","[4, 0.13794168161514853]","[1, 1.0]","[1, 1.0]","[1, 1.0]","[2, 0.13774796442860274]","[2, 0.49062474670828327]","[2, 0.1600884624246726]"
robot text:song,"[4, 0.00420937613067832]","[1, 1.0]","[1, 1.0]","[1, 1.0]","[1, 1.0]","[1, 1.0]","[1, 1.0]","[1, 1.0]","[1, 1.0]","[1, 1.0]","[1, 1.0]","[1, 1.0]","[1, 1.0]","[3, 0.05127644636633411]","[2, 0.013851116326921063]","[1, 1.0]","[1, 1.0]","[1, 1.0]","[1, 1.0]","[1, 1.0]","[1, 1.0]","[5, 7.438442247555255e-05]","[1, 1.0]","[1, 1.0]","[1, 1.0]","[1, 1.0]","[1, 1.0]","[1, 1.0]","[1, 1.0]","[1, 1.0]","[4, 7.059701340087575e-09]","[1, 1.0]","[1, 1.0]","[1, 1.0]","[1, 1.0]","[1, 1.0]","[2, 0.0015635689008056427]"
robot text:teach,"[1, 0.16043202041548751]","[1, 1.0]","[1, 0.10246675539367002]","[5, 0.09946431891079875]","[5, 0.16641249636982028]","[1, 1.0]","[1, 1.0]","[4, 0.004703702864955956]","[1, 1.0]","[3, 0.003980247038518887]","[1, 0.06580753108398418]","[4, 0.019493750936506366]","[1, 1.0]","[1, 0.2942575696772033]","[1, 0.2772176482287544]","[1, 0.19329704370221812]","[4, 0.06362332901784627]","[1, 1.0]","[2, 0.07150013791353489]","[1, 1.0]","[2, 1.3246613434854644e-30]","[4, 0.00451713463498017]","[1, 1.0]","[1, 1.0]","[1, 8.30549842240764e-06]","[1, 1.0]","[1, 8.02087110955448e-06]","[1, 1.0]","[1, 1.0]","[1, 1.0]","[1, 1.0]","[1, 1.0]","[1, 1.0]","[1, 1.0]","[4, 0.9071988437874065]","[1, 0.0214410636244659]","[2, 0.16113951047195263]"
robot text:pick up,"[4, 0.06432514437075698]","[1, 1.0]","[5, 0.01699654228344445]","[3, 0.23889736722586236]","[4, 0.018984012261232856]","[1, 1.0]","[4, 0.10571148202895447]","[5, 0.16804929758682033]","[1, 1.0]","[1, 0.2823243611062445]","[5, 0.8047186759515281]","[4, 0.0002129018626356409]","[1, 0.005600913636820949]","[2, 0.05999782508509089]","[5, 0.029490360147560866]","[4, 0.20923235726737488]","[1, 0.26264664610711674]","[3, 0.0015756962709786706]","[2, 0.1870947228816781]","[5, 0.9999981005385032]","[5, 0.4883876701627591]","[5, 0.8025037516620954]","[1, 1.0]","[5, 2.0450281457915042e-07]","[1, 1.0]","[5, 4.627571136510036e-05]","[2, 0.06382784371284962]","[5, 0.2972330012084935]","[1, 1.0]","[1, 1.0]","[5, 0.9999997185153884]","[2, 0.04832041824638638]","[1, 1.0]","[5, 0.9999906733676905]","[1, 0.428757790604527]","[1, 0.06719465215923531]","[1, 0.2806331448204229]"
robot text:try again,"[4, 0.13841856153452795]","[1, 1.0]","[3, 0.0054830838931375974]","[3, 8.7783171270743e-05]","[5, 0.41564356295377547]","[1, 1.0]","[1, 1.0]","[5, 0.01747986782355727]","[2, 2.420304132613098e-05]","[1, 0.07416230299586644]","[4, 0.18702908029323867]","[5, 0.16451123443503798]","[1, 1.0]","[1, 0.16477015597984346]","[3, 0.10961535268391509]","[4, 0.00013576965548315622]","[5, 0.037463896445667354]","[5, 4.007134994908978e-14]","[1, 0.12873504895794918]","[1, 1.0]","[1, 1.0]","[1, 1.0]","[1, 1.0]","[1, 1.0]","[5, 0.8155929220883649]","[1, 1.0]","[1, 1.0]","[3, 0.0007130170034649152]","[1, 1.0]","[1, 1.0]","[1, 1.0]","[3, 0.0007130170034649152]","[1, 1.0]","[3, 1.610882272920602e-09]","[1, 0.1886986660304576]","[5, 0.16001222588383532]","[3, 6.967120354217901e-07]"
robot text:positive feedback,"[1, 1.0]","[1, 1.0]","[1, 0.19243475732501253]","[1, 0.06702112164331364]","[3, 0.4909481590815583]","[1, 1.0]","[1, 1.0]","[3, 0.026285638379144192]","[1, 1.0]","[1, 0.28190258172839255]","[3, 0.18229006739773446]","[5, 0.003551313881639698]","[1, 1.0]","[3, 0.31995595693825285]","[4, 0.09730601134804581]","[1, 0.29983709495995675]","[1, 0.26309993718256053]","[1, 1.0]","[5, 3.5680592809587006e-05]","[5, 2.661558514210769e-06]","[1, 1.0]","[1, 1.0]","[1, 1.0]","[1, 1.0]","[3, 0.07533399226085934]","[1, 1.0]","[1, 1.0]","[3, 0.006774981657497163]","[1, 1.0]","[1, 1.0]","[1, 1.0]","[1, 1.0]","[1, 1.0]","[1, 1.0]","[3, 0.0662242773264708]","[1, 0.3610070845593646]","[5, 0.9457071086134374]"
robot text:put down,"[2, 0.06976393559561901]","[5, 0.763555485306483]","[5, 0.08508253779165192]","[1, 0.17513388581364808]","[1, 0.2934601483197962]","[3, 0.0007130170034649061]","[1, 1.0]","[4, 0.1321513145158989]","[1, 1.0]","[3, 0.46104317617790513]","[4, 2.9050746013179025e-07]","[1, 1.0]","[1, 1.0]","[1, 0.012688818555903555]","[1, 0.1983970227006077]","[5, 0.06728487498332542]","[5, 0.0005698374325361684]","[1, 1.0]","[5, 0.06400169114020043]","[2, 0.00021417482253385835]","[2, 0.05520421030106241]","[1, 1.0]","[1, 1.0]","[1, 0.028748538081067858]","[1, 0.08256370061906093]","[4, 0.07257972962777498]","[2, 0.2221136235956248]","[1, 1.0]","[1, 1.0]","[1, 1.0]","[5, 0.33558052255959325]","[1, 0.009823274507518713]","[1, 1.0]","[1, 1.0]","[1, 0.01839752534740243]","[2, 0.1406740841880864]","[1, 0.11041561925596782]"
start-end:start,"[0, nan]","[0, nan]","[0, nan]","[0, nan]","[0, nan]","[0, nan]","[0, nan]","[0, nan]","[0, nan]","[0, nan]","[0, nan]","[0, nan]","[0, nan]","[0, nan]","[0, nan]","[0, nan]","[0, nan]","[0, nan]","[0, nan]","[0, nan]","[0, nan]","[0, nan]","[0, nan]","[0, nan]","[0, nan]","[0, nan]","[0, nan]","[0, nan]","[0, nan]","[0, nan]","[0, nan]","[0, nan]","[0, nan]","[0, nan]","[0, nan]","[0, nan]","[0, nan]"
start-end:end,"[2, 4.0691003823929707e-10]","[1, 1.0]","[1, 1.0]","[1, 1.0]","[1, 1.0]","[1, 1.0]","[1, 1.0]","[5, 0.0005324740706194581]","[1, 1.0]","[5, 3.83206888960733e-11]","[1, 1.0]","[1, 1.0]","[1, 1.0]","[1, 1.0]","[1, 1.0]","[1, 1.0]","[1, 1.0]","[1, 1.0]","[1, 1.0]","[1, 1.0]","[1, 1.0]","[5, 1.0129085185586478e-10]","[1, 1.0]","[1, 1.0]","[1, 1.0]","[1, 1.0]","[1, 1.0]","[1, 1.0]","[1, 1.0]","[1, 1.0]","[5, 1.3919298464308555e-27]","[1, 1.0]","[1, 1.0]","[1, 1.0]","[1, 1.0]","[1, 1.0]","[1, 1.0]"
Conversational turns:PC,"[5, 0.09819919330054705]","[4, 8.352131480599041e-13]","[4, 0.38358265107312006]","[5, 0.1309331695882646]","[1, 0.240464201038689]","[2, 0.005352675604177019]","[1, 1.0]","[1, 0.24821307898990091]","[1, 1.0]","[2, 0.04434045980406063]","[1, 1.0]","[1, 1.0]","[1, 1.0]","[3, 0.588612475714198]","[1, 0.15032345547867582]","[1, 0.08536687928864908]","[4, 0.46032743222638284]","[1, 1.0]","[4, 0.682412886801122]","[1, 1.0]","[1, 1.0]","[4, 0.007113859314300778]","[1, 1.0]","[1, 1.0]","[3, 0.28857320991724994]","[1, 1.0]","[2, 0.00046999396786401553]","[5, 0.1308171836749782]","[1, 1.0]","[4, 1.9111211259112365e-15]","[1, 1.0]","[5, 0.0042992119208564526]","[1, 1.0]","[1, 1.0]","[3, 0.6218242411967616]","[1, 0.1294030243474958]","[5, 0.028092006638416954]"
Conversational turns:CP,"[4, 0.0021275467558965863]","[1, 1.0]","[2, 0.15407413621019]","[3, 0.2919684988311704]","[5, 0.9489475507419117]","[1, 1.0]","[1, 1.0]","[5, 7.668308721151714e-06]","[1, 1.0]","[3, 0.014013167688415672]","[4, 0.3836994292627032]","[2, 0.06273049643766541]","[1, 1.0]","[5, 0.47778343721088046]","[2, 0.4277313282243197]","[4, 0.662090230558796]","[3, 0.009754934122743537]","[1, 1.0]","[4, 0.9988858526679922]","[1, 1.0]","[1, 1.0]","[1, 1.0]","[4, 4.763694323270407e-07]","[1, 1.0]","[3, 0.006597339772657168]","[4, 0.0035500473799243244]","[1, 1.0]","[3, 0.08406185479998399]","[1, 1.0]","[1, 1.0]","[5, 3.7042953686157354e-08]","[1, 1.0]","[5, 1.2283917676746679e-16]","[2, 1.1220138919004241e-08]","[5, 0.6705038869649084]","[5, 0.8491711027649117]","[2, 0.2746777016204757]"
Conversational turns:PCP,"[2, 0.03097680141927512]","[1, 1.0]","[1, 1.0]","[5, 0.10940112667011245]","[1, 1.0]","[1, 1.0]","[1, 1.0]","[3, 0.00962880243707181]","[1, 1.0]","[3, 3.82390528045398e-06]","[1, 1.0]","[1, 1.0]","[1, 1.0]","[5, 0.5653243519382942]","[5, 0.15782247065014948]","[1, 1.0]","[3, 0.07106468518328067]","[1, 1.0]","[1, 1.0]","[1, 1.0]","[1, 1.0]","[1, 1.0]","[4, 1.9942282744851482e-19]","[1, 1.0]","[5, 0.18346118924646945]","[1, 1.0]","[1, 1.0]","[1, 1.0]","[1, 1.0]","[1, 1.0]","[2, 5.011858749930918e-06]","[1, 1.0]","[1, 1.0]","[2, 3.6069350007323036e-21]","[5, 0.2111437597029131]","[1, 1.0]","[5, 0.2510232980070004]"
Conversational turns:CPC,"[5, 0.004541146979394687]","[1, 1.0]","[2, 0.09620920269124407]","[3, 0.02408387861999945]","[1, 1.0]","[1, 1.0]","[1, 1.0]","[2, 0.0036662031880100566]","[1, 1.0]","[1, 0.0003214329412146814]","[1, 1.0]","[5, 5.418469272503445e-10]","[1, 1.0]","[3, 0.05127644636633567]","[3, 0.035173185022599376]","[1, 1.0]","[4, 0.005340784020715255]","[1, 1.0]","[1, 1.0]","[1, 1.0]","[1, 1.0]","[1, 1.0]","[1, 1.0]","[1, 1.0]","[3, 0.0015756962709787402]","[1, 1.0]","[1, 1.0]","[1, 1.0]","[1, 1.0]","[1, 1.0]","[5, 6.075484996542462e-09]","[5, 5.87079949706171e-07]","[5, 1.1131559047662526e-18]","[1, 1.0]","[3, 0.06784528360321233]","[1, 1.0]","[3, 0.003940576055888517]"
Joint attention:robot,"[5, 0.016108593769224407]","[3, 1.1589840459231924e-05]","[2, 0.9419960591529916]","[2, 0.3829210923729182]","[5, 0.029328601381280944]","[3, 0.6103811091780693]","[4, 0.4645913332515079]","[1, 0.004690987977532131]","[5, 0.9995821732921204]","[1, 0.026655733997474184]","[3, 0.20271262854195318]","[1, 0.2785048081895676]","[1, 1.0]","[3, 0.011308313708461115]","[1, 0.00020658636947299897]","[1, 0.00032194110451237837]","[1, 0.4439103188531577]","[5, 0.07015880489456251]","[5, 0.058074585845072156]","[4, 0.3446766555606195]","[1, 0.12537704129753868]","[3, 0.2558953308321409]","[2, 0.9036598404999485]","[4, 0.06556201531148009]","[2, 0.6333582402792484]","[5, 0.002365856039225826]","[1, 0.10937769751780231]","[2, 0.558512166406021]","[3, 0.005544405012345206]","[1, 1.0]","[1, 0.184617419741294]","[4, 0.17144501392708156]","[4, 0.44054458537415075]","[4, 0.9994287439813785]","[1, 1.0]","[3, 0.3117296926240439]","[3, 0.17424580101756976]"
Joint attention:props,"[3, 0.8938221277566251]","[1, 0.0022605316215040666]","[3, 2.6188381908649996e-05]","[4, 0.009249891418524012]","[3, 0.08700179807293265]","[1, 1.0]","[1, 1.0]","[1, 0.033832295992886986]","[5, 0.02134146639086114]","[1, 0.4265553719551428]","[3, 1.495472387452896e-05]","[4, 0.7721813855288141]","[1, 1.0]","[4, 2.5510791717478538e-05]","[1, 0.024408788682991955]","[5, 2.204161462599543e-09]","[2, 0.0011570844128659414]","[4, 0.0002719580908379083]","[2, 0.0062514569376363105]","[4, 0.04059065658374407]","[2, 0.494801970086146]","[3, 0.9968501208746119]","[1, 1.0]","[2, 0.009424727768475014]","[2, 0.057682171443478314]","[4, 0.0038650101416992915]","[3, 0.03540518229533697]","[1, 0.15109669841544365]","[1, 1.0]","[1, 1.0]","[2, 0.9237108311237807]","[3, 0.20422427478515046]","[1, 1.0]","[1, 1.0]","[5, 0.0004075580994843398]","[1, 1.0]","[1, 0.2994301924970377]"
Mutual gaze:MG,"[5, 0.00030546729705861167]","[1, 1.2052982584446408e-13]","[5, 0.03547732960655022]","[3, 0.0012879124554418182]","[2, 0.45598329417877637]","[1, 1.0]","[5, 0.22463088634774375]","[2, 0.16459046904611027]","[5, 0.001954814235279494]","[3, 0.7971029166118302]","[3, 0.9988349085770688]","[1, 0.003414791178117873]","[1, 1.0]","[1, 1.4829807917228066e-10]","[2, 0.022910161210147675]","[2, 0.022778245084239777]","[2, 0.056309830711102196]","[5, 0.9789105430963757]","[3, 0.5967967318039387]","[1, 1.0]","[4, 0.029147734238107154]","[1, 0.16165392501028472]","[5, 0.9654668578962581]","[1, 0.17752985241215577]","[4, 0.6267616120992114]","[2, 0.1949403509744318]","[1, 0.2823243611062256]","[5, 0.16920735346969082]","[4, 1.7049004821587695e-05]","[1, 1.0]","[5, 1.5879989430588514e-06]","[5, 0.12907895070427602]","[5, 2.9725291111096137e-05]","[2, 0.9164937138679089]","[1, 0.0026397735026855553]","[5, 0.09160513488465707]","[1, 1.0]"
